index,answer,rand,rand_s,ent,ent_s,pos,pos_s
0,derog,3,1,6,1,6,1
1,pasul,5,1,4,1,4,1
2,schuh,3,1,5,1,5,1
3,harre,7,0,7,0,7,0
4,tovet,7,0,4,1,4,1
5,gilly,5,1,8,0,8,0
6,fural,9,0,7,0,7,0
7,deedy,2,1,4,1,4,1
8,bruno,5,1,3,1,3,1
9,creak,5,1,5,1,6,1
10,hylas,6,1,4,1,4,1
11,soyot,4,1,4,1,3,1
12,ideas,4,1,6,1,6,1
13,warns,3,1,4,1,4,1
14,today,5,1,4,1,4,1
15,slogs,7,0,4,1,4,1
16,vacua,5,1,5,1,5,1
17,inkie,4,1,5,1,5,1
18,olpes,6,1,4,1,4,1
19,durst,6,1,4,1,5,1
20,freet,5,1,4,1,4,1
21,hillo,4,1,4,1,4,1
22,tlaco,5,1,4,1,4,1
23,tawie,4,1,3,1,3,1
24,donut,5,1,3,1,3,1
25,local,5,1,5,1,4,1
26,bikie,4,1,6,1,6,1
27,monks,5,1,5,1,5,1
28,gobby,7,0,6,1,6,1
29,dogie,4,1,6,1,6,1
30,henad,5,1,5,1,5,1
31,tareq,6,1,2,1,2,1
32,hopak,4,1,5,1,5,1
33,amire,3,1,4,1,5,1
34,stoga,4,1,5,1,6,1
35,aspca,4,1,4,1,3,1
36,connu,4,1,4,1,4,1
37,cavin,6,1,4,1,4,1
38,tuism,5,1,4,1,4,1
39,mecum,4,1,5,1,5,1
40,fraus,5,1,6,1,6,1
41,sales,7,0,2,1,2,1
42,arhar,5,1,4,1,4,1
43,raphe,6,1,3,1,3,1
44,ackee,6,1,4,1,4,1
45,tabel,5,1,4,1,4,1
46,exine,3,1,3,1,3,1
47,vadis,7,0,5,1,5,1
48,bisie,6,1,4,1,5,1
49,cliff,4,1,5,1,5,1
50,swain,5,1,3,1,5,1
51,dvigu,6,1,4,1,5,1
52,coryl,5,1,3,1,3,1
53,quira,4,1,4,1,4,1
54,aired,7,0,2,1,2,1
55,emyds,5,1,3,1,3,1
56,updos,5,1,4,1,5,1
57,heals,4,1,9,0,9,0
58,odeon,5,1,4,1,4,1
59,fumid,5,1,5,1,5,1
60,vogue,4,1,4,1,4,1
61,nydia,5,1,4,1,4,1
62,admit,5,1,5,1,5,1
63,masse,8,0,4,1,4,1
64,eeler,4,1,4,1,5,1
65,adaty,5,1,4,1,4,1
66,clipt,5,1,3,1,3,1
67,tewel,3,1,3,1,3,1
68,antiq,6,1,4,1,4,1
69,squaw,6,1,5,1,4,1
70,volga,5,1,5,1,5,1
71,yakut,3,1,5,1,5,1
72,parks,10,0,6,1,6,1
73,roven,6,1,5,1,5,1
74,toked,8,0,7,0,7,0
75,flaws,3,1,7,0,7,0
76,chawn,5,1,4,1,4,1
77,dital,6,1,4,1,4,1
78,solod,5,1,4,1,4,1
79,exalt,5,1,3,1,4,1
80,youff,4,1,5,1,5,1
81,wrawl,4,1,5,1,5,1
82,erian,4,1,4,1,4,1
83,seely,3,1,4,1,4,1
84,zoons,4,1,4,1,4,1
85,south,5,1,4,1,4,1
86,allis,6,1,5,1,5,1
87,carks,5,1,9,0,9,0
88,manos,5,1,5,1,5,1
89,meloe,5,1,4,1,4,1
90,ropey,5,1,5,1,5,1
91,bisks,5,1,4,1,4,1
92,mixed,3,1,6,1,6,1
93,toady,4,1,4,1,4,1
94,smith,5,1,3,1,5,1
95,foams,4,1,5,1,5,1
96,gighe,5,1,5,1,5,1
97,kotal,6,1,4,1,4,1
98,yacks,6,1,5,1,5,1
99,apian,6,1,4,1,4,1
100,anomy,4,1,4,1,4,1
101,curns,3,1,5,1,5,1
102,plunk,2,1,3,1,3,1
103,haler,7,0,6,1,6,1
104,preve,4,1,4,1,5,1
105,nomas,4,1,4,1,4,1
106,cadre,3,1,4,1,4,1
107,dully,6,1,6,1,6,1
108,runty,5,1,4,1,4,1
109,meaty,6,1,5,1,5,1
110,yawps,6,1,5,1,5,1
111,hylic,6,1,5,1,5,1
112,bimah,4,1,4,1,4,1
113,stopt,7,0,5,1,5,1
114,egged,5,1,4,1,4,1
115,petro,3,1,3,1,3,1
116,acock,5,1,4,1,4,1
117,atria,4,1,4,1,3,1
118,tunic,4,1,3,1,3,1
119,oorie,7,0,3,1,3,1
120,paseo,4,1,4,1,4,1
121,slavs,4,1,6,1,6,1
122,aslop,4,1,3,1,4,1
123,angel,5,1,3,1,3,1
124,beedi,4,1,3,1,3,1
125,agami,4,1,5,1,5,1
126,dangs,9,0,4,1,4,1
127,hurty,6,1,3,1,3,1
128,laics,2,1,4,1,4,1
129,pavan,6,1,6,1,6,1
130,tupek,3,1,4,1,4,1
131,leash,6,1,3,1,3,1
132,brith,8,0,6,1,6,1
133,fonts,5,1,4,1,4,1
134,gybes,5,1,8,0,8,0
135,claws,7,0,6,1,6,1
136,scrag,3,1,7,0,7,0
137,manal,5,1,3,1,3,1
138,clawk,5,1,5,1,5,1
139,unapt,3,1,3,1,3,1
140,carte,7,0,3,1,3,1
141,acmes,5,1,4,1,4,1
142,chria,3,1,4,1,4,1
143,baler,6,1,7,0,7,0
144,noyau,4,1,5,1,5,1
145,javas,8,0,7,0,7,0
146,bulla,6,1,5,1,5,1
147,caggy,6,1,5,1,5,1
148,fusil,4,1,3,1,3,1
149,jiqui,5,1,5,1,5,1
150,gauge,8,0,4,1,4,1
151,xylem,6,1,4,1,4,1
152,purer,5,1,3,1,3,1
153,litch,6,1,6,1,6,1
154,vacuo,6,1,5,1,5,1
155,sords,5,1,4,1,4,1
156,tease,4,1,3,1,2,1
157,xenyl,5,1,4,1,5,1
158,algor,5,1,3,1,3,1
159,cavie,5,1,4,1,4,1
160,sorty,5,1,3,1,3,1
161,stone,5,1,5,1,5,1
162,ifint,7,0,5,1,4,1
163,druxy,6,1,4,1,4,1
164,gunks,8,0,4,1,4,1
165,udell,4,1,4,1,4,1
166,staid,4,1,6,1,7,0
167,blunt,4,1,5,1,5,1
168,duffy,7,0,5,1,5,1
169,vivas,6,1,5,1,5,1
170,stoot,8,0,3,1,6,1
171,divot,6,1,6,1,6,1
172,verve,7,0,4,1,4,1
173,cline,4,1,4,1,4,1
174,minow,3,1,5,1,5,1
175,badge,6,1,5,1,5,1
176,depel,7,0,4,1,4,1
177,biota,6,1,5,1,5,1
178,kunai,5,1,5,1,4,1
179,mucid,5,1,3,1,3,1
180,snail,8,0,4,1,4,1
181,ganam,5,1,3,1,3,1
182,bayed,4,1,7,0,7,0
183,linns,6,1,3,1,3,1
184,beent,7,0,4,1,4,1
185,drink,6,1,4,1,5,1
186,dowry,6,1,5,1,4,1
187,gibbi,5,1,4,1,4,1
188,aphis,4,1,4,1,4,1
189,turki,6,1,3,1,3,1
190,saggy,8,0,8,0,5,1
191,cordy,6,1,5,1,5,1
192,lench,4,1,5,1,5,1
193,whalm,5,1,5,1,5,1
194,frags,5,1,3,1,4,1
195,usnic,4,1,4,1,4,1
196,grubs,5,1,3,1,3,1
197,montu,4,1,3,1,3,1
198,lenth,4,1,5,1,5,1
199,prahu,7,0,5,1,5,1
200,meres,7,0,5,1,5,1
201,foaly,6,1,4,1,4,1
202,swail,4,1,3,1,5,1
203,alish,6,1,4,1,5,1
204,shuls,4,1,4,1,4,1
205,wramp,4,1,4,1,4,1
206,amaze,4,1,4,1,4,1
207,barba,4,1,6,1,6,1
208,golly,4,1,11,0,11,0
209,duads,8,0,4,1,4,1
210,plait,7,0,4,1,4,1
211,secus,5,1,4,1,4,1
212,sains,6,1,5,1,5,1
213,kreng,7,0,4,1,4,1
214,boget,5,1,4,1,4,1
215,these,5,1,3,1,3,1
216,cornu,6,1,4,1,4,1
217,skats,4,1,4,1,4,1
218,tayir,3,1,3,1,3,1
219,linos,4,1,3,1,3,1
220,camus,4,1,4,1,4,1
221,cerer,5,1,4,1,4,1
222,booze,6,1,5,1,5,1
223,wauns,5,1,4,1,4,1
224,berri,5,1,6,1,6,1
225,bites,7,0,9,0,9,0
226,lunet,5,1,3,1,3,1
227,azofy,5,1,5,1,5,1
228,fleta,3,1,4,1,3,1
229,sharn,5,1,4,1,4,1
230,skyey,4,1,4,1,4,1
231,betel,5,1,4,1,4,1
232,zonar,3,1,4,1,4,1
233,whart,7,0,3,1,4,1
234,truer,3,1,4,1,3,1
235,quack,5,1,4,1,4,1
236,kiers,4,1,3,1,7,0
237,unlaw,6,1,6,1,6,1
238,galik,5,1,5,1,5,1
239,sorus,5,1,6,1,6,1
240,dolus,6,1,4,1,5,1
241,murut,4,1,4,1,4,1
242,snash,8,0,4,1,4,1
243,dingo,7,0,3,1,3,1
244,mated,8,0,4,1,4,1
245,filth,6,1,4,1,4,1
246,corse,5,1,8,0,8,0
247,inglu,4,1,4,1,4,1
248,varec,6,1,3,1,3,1
249,later,6,1,3,1,3,1
250,bania,5,1,3,1,3,1
251,spoom,4,1,4,1,4,1
252,clops,7,0,8,0,8,0
253,fibry,5,1,4,1,4,1
254,abrim,3,1,4,1,4,1
255,zimbi,6,1,4,1,3,1
256,ayuyu,6,1,4,1,4,1
257,boots,9,0,7,0,7,0
258,tardo,4,1,4,1,4,1
259,horme,4,1,4,1,4,1
260,finer,4,1,7,0,7,0
261,euler,6,1,5,1,5,1
262,hooks,6,1,4,1,4,1
263,hinny,8,0,9,0,9,0
264,chili,5,1,4,1,4,1
265,mufty,3,1,4,1,5,1
266,disci,4,1,4,1,3,1
267,foods,6,1,4,1,4,1
268,maida,7,0,3,1,3,1
269,flesh,4,1,4,1,4,1
270,surds,5,1,3,1,3,1
271,shore,7,0,7,0,7,0
272,entom,4,1,4,1,4,1
273,kleig,3,1,4,1,4,1
274,keleh,4,1,6,1,6,1
275,zebus,6,1,5,1,5,1
276,tweak,6,1,4,1,3,1
277,sooth,5,1,5,1,4,1
278,renes,4,1,4,1,4,1
279,froom,6,1,4,1,6,1
280,pedro,4,1,5,1,5,1
281,nidus,8,0,4,1,4,1
282,kenaf,5,1,5,1,5,1
283,arusa,4,1,4,1,3,1
284,chaus,6,1,6,1,6,1
285,nantz,5,1,6,1,7,0
286,kinah,6,1,5,1,5,1
287,rayat,3,1,3,1,3,1
288,liter,5,1,5,1,5,1
289,idite,4,1,5,1,5,1
290,brite,7,0,5,1,5,1
291,herbs,6,1,7,0,7,0
292,poyou,3,1,4,1,4,1
293,belar,5,1,5,1,5,1
294,proud,4,1,4,1,3,1
295,toshy,5,1,2,1,3,1
296,jalet,6,1,5,1,5,1
297,sumen,6,1,4,1,4,1
298,jarls,8,0,7,0,7,0
299,keist,5,1,5,1,6,1
300,intro,5,1,4,1,5,1
301,lulus,4,1,6,1,6,1
302,breek,6,1,6,1,5,1
303,carry,5,1,4,1,4,1
304,gooma,4,1,5,1,5,1
305,nymil,4,1,3,1,3,1
306,prole,4,1,7,0,7,0
307,poods,5,1,5,1,5,1
308,sidhe,6,1,4,1,5,1
309,teton,8,0,3,1,4,1
310,direx,6,1,3,1,3,1
311,bluey,6,1,6,1,6,1
312,gloat,6,1,4,1,4,1
313,ogams,3,1,4,1,4,1
314,tains,7,0,3,1,3,1
315,heats,8,0,7,0,7,0
316,claes,4,1,2,1,2,1
317,igdyr,4,1,4,1,4,1
318,mitre,5,1,4,1,4,1
319,sangh,5,1,4,1,5,1
320,sereh,3,1,3,1,3,1
321,vison,5,1,4,1,4,1
322,boffo,6,1,5,1,5,1
323,merse,5,1,6,1,5,1
324,fayed,4,1,6,1,6,1
325,opens,5,1,6,1,6,1
326,mosso,5,1,4,1,3,1
327,wolly,5,1,4,1,4,1
328,amice,6,1,4,1,4,1
329,slump,5,1,5,1,5,1
330,namaz,7,0,4,1,4,1
331,melic,4,1,4,1,4,1
332,bowse,4,1,7,0,7,0
333,shood,4,1,5,1,5,1
334,guary,5,1,4,1,4,1
335,dozed,7,0,4,1,4,1
336,bebed,5,1,7,0,7,0
337,rumly,3,1,5,1,6,1
338,gismo,5,1,4,1,4,1
339,merel,5,1,4,1,4,1
340,moted,5,1,5,1,5,1
341,adios,4,1,5,1,5,1
342,surma,3,1,4,1,4,1
343,vowed,6,1,5,1,5,1
344,surah,6,1,3,1,3,1
345,elihu,4,1,3,1,3,1
346,alala,4,1,4,1,3,1
347,dying,6,1,4,1,6,1
348,pungi,7,0,4,1,4,1
349,eased,6,1,3,1,3,1
350,larve,7,0,3,1,3,1
351,sooky,6,1,4,1,4,1
352,haggy,9,0,7,0,7,0
353,niata,4,1,3,1,3,1
354,tardy,2,1,5,1,5,1
355,ilial,5,1,5,1,3,1
356,bilby,5,1,5,1,5,1
357,pilon,4,1,3,1,3,1
358,epees,5,1,5,1,5,1
359,marts,7,0,4,1,4,1
360,atypy,5,1,4,1,4,1
361,crull,6,1,4,1,5,1
362,sloke,6,1,4,1,5,1
363,bylaw,4,1,4,1,4,1
364,skink,5,1,5,1,5,1
365,wopsy,7,0,4,1,4,1
366,halva,7,0,5,1,5,1
367,north,4,1,4,1,4,1
368,phage,5,1,5,1,5,1
369,alter,4,1,3,1,3,1
370,dusun,5,1,4,1,4,1
371,heavy,3,1,6,1,6,1
372,aegis,2,1,4,1,4,1
373,elses,5,1,4,1,4,1
374,awane,7,0,3,1,3,1
375,biset,3,1,5,1,5,1
376,imide,3,1,4,1,4,1
377,whops,5,1,4,1,4,1
378,tafia,8,0,5,1,5,1
379,grain,6,1,3,1,3,1
380,itemy,3,1,4,1,4,1
381,stary,5,1,3,1,4,1
382,stats,6,1,5,1,4,1
383,doyly,6,1,5,1,5,1
384,evert,4,1,4,1,4,1
385,bonce,7,0,3,1,5,1
386,stith,4,1,5,1,3,1
387,pupil,7,0,4,1,4,1
388,kikar,6,1,5,1,5,1
389,genep,5,1,3,1,3,1
390,piman,4,1,4,1,6,1
391,zimme,5,1,4,1,4,1
392,tirve,7,0,3,1,3,1
393,blurs,3,1,4,1,4,1
394,gliff,3,1,5,1,4,1
395,enent,5,1,5,1,5,1
396,cauma,6,1,5,1,5,1
397,porus,7,0,5,1,5,1
398,seven,4,1,4,1,4,1
399,refly,5,1,5,1,5,1
400,jowel,6,1,5,1,5,1
401,divel,6,1,4,1,4,1
402,rafts,6,1,3,1,3,1
403,swank,4,1,4,1,4,1
404,dript,6,1,4,1,4,1
405,lamel,7,0,4,1,4,1
406,mothy,4,1,4,1,4,1
407,matie,6,1,4,1,3,1
408,foray,7,0,6,1,6,1
409,cohol,6,1,4,1,4,1
410,clich,4,1,4,1,4,1
411,warty,5,1,2,1,2,1
412,zabti,5,1,4,1,3,1
413,slugs,6,1,5,1,5,1
414,trave,4,1,3,1,3,1
415,maiid,6,1,4,1,4,1
416,mesel,5,1,3,1,3,1
417,uprid,3,1,4,1,4,1
418,ovate,6,1,5,1,4,1
419,dunno,5,1,5,1,4,1
420,sloyd,6,1,3,1,3,1
421,ctene,4,1,4,1,4,1
422,syren,5,1,5,1,5,1
423,churr,6,1,4,1,3,1
424,tinea,2,1,3,1,3,1
425,toppy,5,1,4,1,4,1
426,tinge,6,1,3,1,3,1
427,zests,5,1,3,1,3,1
428,oreas,5,1,4,1,5,1
429,tiler,8,0,6,1,6,1
430,quoit,4,1,3,1,3,1
431,mauby,8,0,4,1,4,1
432,braza,7,0,4,1,4,1
433,kesse,5,1,4,1,4,1
434,unweb,5,1,4,1,4,1
435,tepal,4,1,3,1,3,1
436,clour,5,1,5,1,3,1
437,tuple,3,1,4,1,4,1
438,gareh,4,1,6,1,6,1
439,dusks,8,0,5,1,5,1
440,lammy,6,1,4,1,3,1
441,harks,7,0,8,0,8,0
442,ledum,5,1,4,1,4,1
443,feuar,5,1,6,1,7,0
444,prase,5,1,5,1,6,1
445,drent,6,1,5,1,5,1
446,loups,5,1,4,1,4,1
447,eruct,4,1,3,1,5,1
448,ripen,6,1,4,1,4,1
449,scamp,5,1,5,1,4,1
450,zmudz,5,1,4,1,4,1
451,booth,5,1,5,1,5,1
452,abbot,4,1,4,1,4,1
453,noded,9,0,4,1,4,1
454,thegn,4,1,3,1,3,1
455,honda,4,1,6,1,5,1
456,scots,6,1,9,0,9,0
457,merit,4,1,4,1,4,1
458,shewa,5,1,4,1,5,1
459,zygal,6,1,4,1,4,1
460,bitty,4,1,9,0,9,0
461,mason,4,1,3,1,4,1
462,sandy,3,1,4,1,5,1
463,janes,7,0,8,0,8,0
464,didle,5,1,5,1,5,1
465,jalur,5,1,5,1,5,1
466,damme,5,1,5,1,5,1
467,slice,6,1,7,0,8,0
468,abkar,4,1,6,1,6,1
469,carlo,4,1,3,1,3,1
470,comae,5,1,4,1,4,1
471,comus,7,0,5,1,4,1
472,mooth,5,1,4,1,4,1
473,snoot,7,0,3,1,5,1
474,romal,3,1,4,1,4,1
475,stoae,6,1,3,1,3,1
476,bulbs,5,1,5,1,5,1
477,urena,4,1,4,1,4,1
478,pseud,4,1,3,1,3,1
479,senti,5,1,4,1,4,1
480,sleds,6,1,3,1,3,1
481,truck,4,1,4,1,4,1
482,typps,2,1,4,1,4,1
483,woops,4,1,4,1,4,1
484,julio,6,1,3,1,3,1
485,sinus,6,1,5,1,5,1
486,mesad,4,1,4,1,4,1
487,uptie,4,1,3,1,3,1
488,prime,6,1,6,1,6,1
489,karos,5,1,4,1,4,1
490,causa,6,1,5,1,5,1
491,gleed,5,1,3,1,3,1
492,payen,6,1,5,1,5,1
493,feted,4,1,4,1,4,1
494,biker,5,1,6,1,6,1
495,keawe,6,1,5,1,5,1
496,might,4,1,5,1,5,1
497,marsh,3,1,3,1,3,1
498,robur,4,1,4,1,3,1
499,moola,5,1,5,1,5,1
500,inula,6,1,3,1,3,1
501,choli,4,1,4,1,4,1
502,ualis,4,1,4,1,4,1
503,hazed,7,0,5,1,5,1
504,amens,7,0,5,1,5,1
505,total,7,0,4,1,6,1
506,ponja,2,1,5,1,5,1
507,cryst,4,1,4,1,4,1
508,deked,5,1,5,1,4,1
509,luaus,5,1,4,1,4,1
510,darks,4,1,3,1,3,1
511,dawts,6,1,3,1,3,1
512,gramy,4,1,6,1,6,1
513,baham,3,1,5,1,5,1
514,posse,5,1,4,1,3,1
515,unrid,5,1,5,1,5,1
516,egrid,5,1,4,1,4,1
517,hajes,2,1,10,0,10,0
518,murga,6,1,6,1,6,1
519,prunt,4,1,4,1,4,1
520,smush,3,1,4,1,4,1
521,shade,3,1,7,0,7,0
522,aloof,5,1,4,1,4,1
523,knout,4,1,4,1,4,1
524,filet,9,0,5,1,5,1
525,kaaba,5,1,6,1,6,1
526,pilau,6,1,5,1,5,1
527,koyan,5,1,5,1,5,1
528,alfur,4,1,4,1,4,1
529,plots,6,1,4,1,4,1
530,lanch,7,0,4,1,4,1
531,marty,5,1,4,1,4,1
532,oghuz,3,1,4,1,4,1
533,stomp,5,1,5,1,6,1
534,sweat,5,1,3,1,3,1
535,micht,7,0,5,1,5,1
536,awave,5,1,4,1,4,1
537,mahdi,4,1,4,1,4,1
538,melba,4,1,5,1,5,1
539,furzy,5,1,6,1,6,1
540,arace,5,1,5,1,5,1
541,anvil,5,1,3,1,3,1
542,hells,6,1,4,1,8,0
543,teeth,4,1,4,1,4,1
544,gotos,6,1,3,1,3,1
545,freya,5,1,4,1,4,1
546,chron,5,1,3,1,3,1
547,lache,5,1,5,1,5,1
548,aliso,5,1,4,1,4,1
549,dopes,6,1,6,1,6,1
550,looch,5,1,4,1,4,1
551,morel,5,1,4,1,4,1
552,mirky,4,1,3,1,5,1
553,dolce,6,1,4,1,4,1
554,degum,6,1,5,1,5,1
555,kurmi,5,1,4,1,5,1
556,gushy,5,1,6,1,6,1
557,clara,6,1,4,1,4,1
558,amati,3,1,4,1,4,1
559,shows,4,1,4,1,4,1
560,rapid,5,1,3,1,3,1
561,idean,4,1,5,1,5,1
562,icica,5,1,5,1,4,1
563,stunt,5,1,3,1,3,1
564,bejan,6,1,6,1,6,1
565,yomin,6,1,3,1,3,1
566,snick,7,0,4,1,4,1
567,kurus,5,1,5,1,5,1
568,allez,4,1,3,1,3,1
569,sirop,4,1,2,1,2,1
570,pried,4,1,5,1,5,1
571,excud,4,1,4,1,4,1
572,pilis,6,1,6,1,6,1
573,upjet,5,1,5,1,5,1
574,sumpt,5,1,3,1,5,1
575,vibes,5,1,4,1,4,1
576,sonde,4,1,3,1,4,1
577,clint,5,1,3,1,3,1
578,briny,3,1,4,1,5,1
579,shang,5,1,4,1,4,1
580,hamel,3,1,7,0,7,0
581,welts,6,1,4,1,4,1
582,ligas,5,1,5,1,5,1
583,snibs,6,1,6,1,5,1
584,strep,3,1,3,1,3,1
585,nicol,3,1,3,1,3,1
586,wades,5,1,5,1,5,1
587,belee,4,1,3,1,3,1
588,forcy,6,1,4,1,4,1
589,bursa,3,1,4,1,4,1
590,capsa,5,1,6,1,5,1
591,apptd,4,1,4,1,4,1
592,polab,6,1,3,1,3,1
593,reaks,3,1,6,1,6,1
594,mahat,4,1,3,1,5,1
595,shuba,5,1,4,1,4,1
596,kasha,7,0,3,1,3,1
597,rotos,4,1,3,1,3,1
598,riped,7,0,4,1,4,1
599,quids,6,1,4,1,4,1
600,lepre,4,1,3,1,4,1
601,tupik,4,1,5,1,5,1
602,colly,9,0,4,1,4,1
603,lehay,5,1,5,1,5,1
604,rebeg,5,1,5,1,4,1
605,graip,3,1,4,1,4,1
606,hosta,7,0,3,1,3,1
607,thank,5,1,4,1,3,1
608,crete,4,1,4,1,4,1
609,venae,5,1,3,1,3,1
610,unaus,5,1,4,1,4,1
611,herds,4,1,6,1,6,1
612,enter,5,1,4,1,4,1
613,aways,5,1,4,1,4,1
614,salem,5,1,4,1,4,1
615,idiom,5,1,5,1,3,1
616,tronc,5,1,4,1,4,1
617,prods,7,0,9,0,9,0
618,eloah,5,1,4,1,4,1
619,wilga,5,1,4,1,4,1
620,pated,5,1,3,1,3,1
621,gambe,5,1,4,1,4,1
622,suite,9,0,3,1,3,1
623,norie,7,0,2,1,2,1
624,fpsps,4,1,4,1,4,1
625,diamb,5,1,4,1,4,1
626,blame,5,1,5,1,5,1
627,mauri,7,0,4,1,4,1
628,varda,6,1,6,1,6,1
629,cries,7,0,7,0,7,0
630,maill,6,1,4,1,4,1
631,lindy,7,0,5,1,5,1
632,baker,6,1,8,0,8,0
633,deuce,6,1,5,1,5,1
634,berry,10,0,3,1,3,1
635,comas,5,1,5,1,5,1
636,foism,4,1,5,1,5,1
637,pubes,6,1,5,1,5,1
638,schiz,4,1,4,1,4,1
639,shivs,4,1,4,1,4,1
640,piton,5,1,3,1,4,1
641,veena,5,1,4,1,4,1
642,chaka,5,1,3,1,3,1
643,vobis,4,1,4,1,4,1
644,crept,6,1,4,1,6,1
645,palsy,4,1,3,1,4,1
646,manso,3,1,4,1,4,1
647,leaks,6,1,4,1,4,1
648,merch,4,1,5,1,5,1
649,draba,6,1,4,1,4,1
650,sheaf,5,1,4,1,4,1
651,token,2,1,4,1,4,1
652,akasa,6,1,5,1,3,1
653,niuan,5,1,5,1,3,1
654,tragi,7,0,3,1,4,1
655,fidos,4,1,3,1,3,1
656,retch,3,1,4,1,4,1
657,santy,8,0,4,1,4,1
658,adnex,5,1,4,1,4,1
659,horde,5,1,5,1,5,1
660,salol,6,1,4,1,5,1
661,bidri,4,1,4,1,4,1
662,craal,4,1,6,1,6,1
663,steed,5,1,7,0,7,0
664,jaggs,4,1,7,0,7,0
665,shent,3,1,3,1,6,1
666,wynne,4,1,5,1,5,1
667,penes,5,1,4,1,4,1
668,solum,3,1,4,1,4,1
669,skiis,4,1,5,1,5,1
670,slush,5,1,3,1,3,1
671,feeds,8,0,8,0,8,0
672,babua,6,1,5,1,5,1
673,brock,7,0,5,1,4,1
674,varve,7,0,5,1,5,1
675,dodgy,5,1,6,1,4,1
676,anour,4,1,4,1,4,1
677,acrid,5,1,5,1,5,1
678,plant,5,1,3,1,3,1
679,whift,4,1,4,1,4,1
680,scult,6,1,3,1,3,1
681,quell,5,1,4,1,4,1
682,birky,7,0,4,1,4,1
683,loros,4,1,6,1,6,1
684,deneb,4,1,4,1,4,1
685,risqu,4,1,4,1,4,1
686,addda,4,1,5,1,5,1
687,hidel,4,1,4,1,4,1
688,pacas,5,1,6,1,6,1
689,givey,3,1,5,1,5,1
690,surya,3,1,4,1,4,1
691,burke,6,1,6,1,6,1
692,geira,4,1,5,1,5,1
693,kiddo,6,1,5,1,4,1
694,tyred,5,1,4,1,4,1
695,kists,3,1,6,1,6,1
696,hispa,4,1,4,1,5,1
697,podos,4,1,4,1,4,1
698,nerdy,5,1,4,1,4,1
699,learn,5,1,3,1,3,1
700,frith,5,1,5,1,5,1
701,socko,4,1,4,1,4,1
702,hamsa,4,1,5,1,5,1
703,vicua,3,1,5,1,5,1
704,blady,8,0,6,1,6,1
705,hipmi,7,0,4,1,4,1
706,shive,6,1,6,1,5,1
707,smelt,4,1,6,1,6,1
708,raved,11,0,6,1,6,1
709,loves,8,0,5,1,5,1
710,duala,4,1,5,1,5,1
711,feute,6,1,5,1,5,1
712,grike,6,1,5,1,5,1
713,wytes,4,1,5,1,5,1
714,ollav,5,1,5,1,5,1
715,daisy,3,1,4,1,4,1
716,utsuk,5,1,3,1,3,1
717,izing,4,1,6,1,4,1
718,sitta,5,1,3,1,3,1
719,halte,6,1,3,1,4,1
720,fresh,4,1,3,1,3,1
721,crowd,6,1,4,1,5,1
722,tarea,10,0,4,1,4,1
723,manba,5,1,5,1,5,1
724,inbye,4,1,6,1,6,1
725,flank,4,1,6,1,6,1
726,ruely,6,1,3,1,3,1
727,bonds,6,1,6,1,6,1
728,maybe,5,1,4,1,4,1
729,sprew,5,1,5,1,5,1
730,amara,5,1,3,1,3,1
731,kearn,7,0,5,1,5,1
732,alada,5,1,5,1,5,1
733,rogue,5,1,4,1,4,1
734,takes,5,1,7,0,7,0
735,takin,4,1,4,1,4,1
736,julid,6,1,4,1,4,1
737,piggy,6,1,4,1,4,1
738,dossy,9,0,6,1,6,1
739,atule,4,1,4,1,4,1
740,tumor,6,1,4,1,4,1
741,adage,4,1,4,1,4,1
742,romeo,2,1,6,1,5,1
743,issue,5,1,5,1,3,1
744,patch,9,0,4,1,4,1
745,boule,6,1,3,1,3,1
746,ritus,4,1,3,1,3,1
747,stoat,6,1,4,1,3,1
748,triac,4,1,4,1,5,1
749,herma,4,1,4,1,4,1
750,floit,4,1,4,1,4,1
751,puces,6,1,5,1,5,1
752,nucal,3,1,4,1,4,1
753,epiky,4,1,4,1,4,1
754,klick,6,1,3,1,4,1
755,monax,3,1,5,1,5,1
756,padus,5,1,5,1,5,1
757,tempo,7,0,4,1,4,1
758,urian,5,1,3,1,4,1
759,maund,5,1,3,1,3,1
760,ngwee,3,1,4,1,4,1
761,hocco,6,1,4,1,3,1
762,nevoy,4,1,5,1,5,1
763,broch,4,1,5,1,5,1
764,dassy,4,1,6,1,6,1
765,zunis,4,1,3,1,4,1
766,hasty,5,1,8,0,9,0
767,asoak,6,1,5,1,4,1
768,whamp,6,1,4,1,4,1
769,minny,8,0,7,0,7,0
770,plang,4,1,4,1,4,1
771,glist,4,1,6,1,4,1
772,toist,6,1,4,1,4,1
773,elute,4,1,3,1,3,1
774,stimy,6,1,4,1,5,1
775,douce,6,1,5,1,5,1
776,mavis,5,1,4,1,4,1
777,lorel,7,0,5,1,5,1
778,struv,4,1,4,1,3,1
779,kingu,5,1,4,1,4,1
780,parse,2,1,3,1,3,1
781,kelek,7,0,5,1,5,1
782,tinni,4,1,3,1,3,1
783,sabed,7,0,6,1,6,1
784,dupla,4,1,5,1,5,1
785,mayst,3,1,4,1,3,1
786,ripal,5,1,6,1,6,1
787,muffs,9,0,6,1,6,1
788,kneed,5,1,3,1,3,1
789,flory,5,1,4,1,5,1
790,ngoko,5,1,4,1,4,1
791,armed,6,1,3,1,3,1
792,strad,6,1,7,0,7,0
793,canun,5,1,4,1,4,1
794,noily,5,1,3,1,3,1
795,neuma,4,1,4,1,4,1
796,cathy,6,1,5,1,3,1
797,talli,7,0,5,1,5,1
798,haily,6,1,5,1,5,1
799,minar,6,1,4,1,4,1
800,nevus,6,1,4,1,4,1
801,loppy,8,0,5,1,5,1
802,abash,4,1,3,1,3,1
803,smile,4,1,5,1,5,1
804,fowls,6,1,4,1,7,0
805,ladin,3,1,6,1,6,1
806,maggy,5,1,6,1,6,1
807,gazon,5,1,5,1,5,1
808,fritz,6,1,4,1,4,1
809,acing,5,1,8,0,8,0
810,moton,4,1,4,1,4,1
811,romic,5,1,3,1,4,1
812,gobos,6,1,5,1,5,1
813,snape,6,1,4,1,4,1
814,baths,7,0,7,0,7,0
815,jugum,4,1,4,1,4,1
816,alisp,6,1,3,1,4,1
817,lutes,4,1,6,1,6,1
818,wrast,4,1,3,1,3,1
819,adion,6,1,6,1,6,1
820,braws,8,0,6,1,3,1
821,mungy,4,1,5,1,5,1
822,cangy,5,1,4,1,4,1
823,copsy,7,0,6,1,6,1
824,serut,6,1,3,1,3,1
825,badon,4,1,4,1,4,1
826,apsis,3,1,4,1,4,1
827,adpao,5,1,3,1,3,1
828,gorsy,6,1,5,1,5,1
829,laius,3,1,3,1,3,1
830,mizar,4,1,4,1,4,1
831,wooed,5,1,4,1,4,1
832,shluh,4,1,4,1,4,1
833,rudge,4,1,3,1,3,1
834,puffs,5,1,5,1,5,1
835,oopak,6,1,4,1,4,1
836,mamry,4,1,4,1,4,1
837,gusle,5,1,5,1,4,1
838,autor,5,1,3,1,3,1
839,behav,5,1,5,1,5,1
840,gesan,5,1,4,1,4,1
841,super,2,1,4,1,4,1
842,ukase,4,1,6,1,7,0
843,sirup,4,1,3,1,3,1
844,rimal,4,1,3,1,3,1
845,seres,6,1,5,1,5,1
846,tutty,8,0,3,1,3,1
847,routs,5,1,3,1,3,1
848,pygal,5,1,5,1,5,1
849,patte,6,1,4,1,3,1
850,bests,9,0,10,0,11,0
851,built,5,1,5,1,5,1
852,sorva,5,1,5,1,5,1
853,sysin,4,1,3,1,3,1
854,babai,5,1,5,1,5,1
855,telos,6,1,4,1,4,1
856,gossy,6,1,5,1,5,1
857,guile,5,1,5,1,5,1
858,darts,10,0,8,0,8,0
859,elogy,3,1,4,1,4,1
860,mario,6,1,5,1,5,1
861,soign,5,1,3,1,3,1
862,roker,6,1,5,1,6,1
863,abuta,4,1,5,1,5,1
864,bisso,5,1,5,1,5,1
865,muses,7,0,3,1,3,1
866,tourt,3,1,3,1,3,1
867,plena,8,0,3,1,3,1
868,ewhow,5,1,4,1,4,1
869,pagne,4,1,3,1,3,1
870,krepi,3,1,4,1,4,1
871,corks,7,0,7,0,7,0
872,broth,2,1,5,1,5,1
873,wools,6,1,4,1,4,1
874,nibby,5,1,5,1,5,1
875,mokes,5,1,7,0,7,0
876,nomad,5,1,4,1,4,1
877,zoris,7,0,3,1,3,1
878,cycle,5,1,3,1,3,1
879,gulfy,6,1,5,1,5,1
880,burgs,5,1,8,0,8,0
881,atees,3,1,3,1,3,1
882,indiv,7,0,4,1,4,1
883,anabo,5,1,4,1,4,1
884,primi,7,0,5,1,5,1
885,sappy,7,0,6,1,6,1
886,lodha,5,1,5,1,5,1
887,casel,5,1,5,1,5,1
888,fetwa,4,1,4,1,4,1
889,mouch,7,0,5,1,5,1
890,clake,5,1,8,0,8,0
891,dildo,5,1,5,1,5,1
892,avoir,5,1,4,1,4,1
893,actin,4,1,3,1,3,1
894,gizmo,4,1,5,1,5,1
895,leary,8,0,4,1,4,1
896,chefs,5,1,4,1,4,1
897,sagas,5,1,6,1,6,1
898,judas,4,1,6,1,6,1
899,cumar,6,1,5,1,5,1
900,auloi,5,1,3,1,3,1
901,sexed,6,1,3,1,3,1
902,speak,4,1,4,1,4,1
903,breed,4,1,8,0,7,0
904,lappa,6,1,4,1,4,1
905,ticca,5,1,6,1,6,1
906,afric,5,1,5,1,5,1
907,clams,7,0,8,0,8,0
908,dyers,3,1,5,1,3,1
909,belue,4,1,5,1,5,1
910,chunk,5,1,3,1,3,1
911,taise,5,1,4,1,4,1
912,soppy,6,1,5,1,5,1
913,agars,7,0,3,1,3,1
914,bates,5,1,12,0,12,0
915,click,6,1,6,1,6,1
916,tided,7,0,6,1,6,1
917,diary,4,1,4,1,4,1
918,dhikr,3,1,4,1,4,1
919,lulab,4,1,4,1,4,1
920,queet,6,1,4,1,4,1
921,hiper,8,0,7,0,6,1
922,juror,6,1,4,1,4,1
923,pulas,6,1,4,1,4,1
924,dungs,8,0,3,1,3,1
925,jizya,6,1,5,1,5,1
926,kilty,5,1,5,1,5,1
927,roger,3,1,8,0,7,0
928,akees,5,1,7,0,7,0
929,sword,3,1,3,1,4,1
930,minbu,3,1,5,1,4,1
931,asarh,3,1,4,1,3,1
932,rogan,5,1,6,1,6,1
933,carot,5,1,4,1,4,1
934,dough,4,1,4,1,4,1
935,appay,3,1,4,1,4,1
936,dirgy,4,1,4,1,5,1
937,dived,7,0,4,1,4,1
938,sanct,3,1,3,1,4,1
939,dalea,4,1,4,1,4,1
940,ruder,5,1,5,1,4,1
941,slyer,7,0,3,1,3,1
942,aunty,4,1,4,1,4,1
943,quila,6,1,4,1,4,1
944,snowy,6,1,4,1,4,1
945,stupp,5,1,4,1,5,1
946,otomi,5,1,4,1,4,1
947,ytter,4,1,5,1,3,1
948,furry,5,1,7,0,7,0
949,tokyo,5,1,4,1,4,1
950,milts,7,0,5,1,5,1
951,psoai,4,1,4,1,4,1
952,kappe,6,1,5,1,5,1
953,luces,3,1,6,1,6,1
954,baboo,5,1,6,1,6,1
955,mesic,5,1,3,1,3,1
956,ontic,5,1,3,1,3,1
957,sends,9,0,6,1,6,1
958,milit,5,1,3,1,3,1
959,vespa,5,1,3,1,3,1
960,reesk,5,1,3,1,3,1
961,sasan,7,0,4,1,3,1
962,tukra,4,1,3,1,3,1
963,cubeb,3,1,5,1,5,1
964,zonda,4,1,4,1,4,1
965,albyn,6,1,4,1,4,1
966,quods,4,1,5,1,5,1
967,chaja,6,1,6,1,6,1
968,diazo,5,1,4,1,4,1
969,segno,3,1,3,1,4,1
970,leavy,7,0,4,1,4,1
971,abaue,5,1,6,1,6,1
972,skout,7,0,7,0,6,1
973,watts,7,0,3,1,3,1
974,nould,5,1,4,1,4,1
975,grove,7,0,6,1,6,1
976,bemud,5,1,4,1,4,1
977,palki,2,1,4,1,4,1
978,koroa,7,0,5,1,5,1
979,teiid,4,1,3,1,3,1
980,refix,3,1,6,1,6,1
981,zoril,5,1,4,1,4,1
982,mbori,4,1,4,1,5,1
983,halfa,4,1,5,1,5,1
984,cheep,7,0,3,1,3,1
985,agmas,6,1,3,1,3,1
986,bumpy,6,1,4,1,4,1
987,tally,4,1,5,1,5,1
988,avert,4,1,3,1,4,1
989,araks,3,1,7,0,3,1
990,cunea,4,1,4,1,4,1
991,wamel,4,1,5,1,5,1
992,etwee,5,1,3,1,3,1
993,khmer,3,1,5,1,5,1
994,conus,6,1,6,1,6,1
995,ursus,5,1,3,1,3,1
996,incle,3,1,3,1,3,1
997,incra,6,1,6,1,6,1
998,boose,5,1,7,0,8,0
999,qualm,2,1,5,1,5,1
1000,orlos,4,1,4,1,4,1
1001,drony,5,1,4,1,4,1
1002,mebos,6,1,6,1,6,1
1003,humpy,5,1,6,1,6,1
1004,blout,4,1,6,1,6,1
1005,thema,6,1,4,1,4,1
1006,meute,7,0,4,1,4,1
1007,ambas,7,0,5,1,5,1
1008,burga,2,1,5,1,5,1
1009,todus,4,1,5,1,5,1
1010,nunry,4,1,4,1,4,1
1011,zaman,5,1,3,1,3,1
1012,mitua,4,1,4,1,4,1
1013,argue,4,1,4,1,4,1
1014,cires,6,1,9,0,9,0
1015,scene,4,1,4,1,3,1
1016,viced,4,1,6,1,6,1
1017,march,6,1,6,1,6,1
1018,cunny,4,1,4,1,4,1
1019,tulip,5,1,4,1,4,1
1020,tango,4,1,4,1,4,1
1021,navet,4,1,4,1,4,1
1022,fishy,3,1,5,1,5,1
1023,whack,6,1,4,1,4,1
1024,anils,4,1,3,1,3,1
1025,retar,4,1,4,1,3,1
1026,getas,4,1,4,1,4,1
1027,remap,6,1,5,1,5,1
1028,grata,4,1,3,1,3,1
1029,iowan,6,1,4,1,4,1
1030,tacts,6,1,5,1,5,1
1031,tyigh,4,1,4,1,4,1
1032,viler,7,0,3,1,3,1
1033,trifa,6,1,5,1,5,1
1034,guama,5,1,6,1,6,1
1035,taxor,6,1,3,1,3,1
1036,samps,6,1,5,1,5,1
1037,picus,6,1,5,1,5,1
1038,calfs,5,1,5,1,5,1
1039,kinch,3,1,5,1,5,1
1040,paxes,9,0,6,1,6,1
1041,pipes,5,1,7,0,7,0
1042,rangy,6,1,4,1,4,1
1043,fazes,8,0,8,0,8,0
1044,kapas,6,1,5,1,5,1
1045,dazes,6,1,5,1,5,1
1046,liked,4,1,5,1,5,1
1047,aotus,4,1,3,1,3,1
1048,triga,2,1,4,1,4,1
1049,emong,4,1,4,1,4,1
1050,bunts,5,1,8,0,8,0
1051,nicer,4,1,6,1,6,1
1052,arend,3,1,3,1,4,1
1053,skime,5,1,5,1,6,1
1054,gorce,5,1,3,1,3,1
1055,chian,6,1,5,1,5,1
1056,yquem,4,1,4,1,4,1
1057,grump,4,1,4,1,4,1
1058,cohos,8,0,6,1,6,1
1059,tweag,6,1,3,1,4,1
1060,bawke,3,1,5,1,5,1
1061,shoor,6,1,4,1,4,1
1062,davis,6,1,4,1,4,1
1063,bolts,8,0,10,0,10,0
1064,marry,4,1,4,1,4,1
1065,propr,6,1,6,1,3,1
1066,paved,7,0,5,1,5,1
1067,arach,4,1,5,1,6,1
1068,mudir,4,1,4,1,4,1
1069,plyer,6,1,5,1,5,1
1070,unhad,4,1,5,1,5,1
1071,popie,5,1,5,1,5,1
1072,horry,4,1,7,0,7,0
1073,alive,7,0,3,1,3,1
1074,bebop,5,1,5,1,5,1
1075,trite,6,1,3,1,3,1
1076,eikon,5,1,4,1,4,1
1077,ulnas,5,1,3,1,3,1
1078,weens,5,1,5,1,5,1
1079,pelfs,5,1,5,1,5,1
1080,vaunt,6,1,4,1,4,1
1081,bones,7,0,9,0,9,0
1082,rocta,6,1,4,1,4,1
1083,cauda,4,1,5,1,5,1
1084,gnars,4,1,4,1,4,1
1085,suzan,5,1,4,1,5,1
1086,alvus,5,1,4,1,4,1
1087,toted,9,0,4,1,4,1
1088,progs,5,1,7,0,7,0
1089,percy,5,1,6,1,6,1
1090,walla,5,1,6,1,6,1
1091,gooks,8,0,7,0,7,0
1092,gnawn,3,1,4,1,4,1
1093,bring,6,1,5,1,6,1
1094,unman,6,1,3,1,3,1
1095,aisle,4,1,4,1,4,1
1096,ephor,5,1,4,1,4,1
1097,conte,7,0,4,1,4,1
1098,khond,3,1,4,1,4,1
1099,jatha,5,1,5,1,6,1
1100,acedy,4,1,4,1,4,1
1101,tauli,5,1,4,1,4,1
1102,bliss,5,1,5,1,5,1
1103,archt,5,1,3,1,4,1
1104,rerun,5,1,3,1,3,1
1105,choky,3,1,4,1,4,1
1106,scalf,6,1,7,0,8,0
1107,combo,5,1,5,1,5,1
1108,karel,4,1,6,1,6,1
1109,intra,4,1,4,1,4,1
1110,tonal,3,1,4,1,4,1
1111,erses,4,1,3,1,3,1
1112,abohm,4,1,5,1,5,1
1113,anted,4,1,3,1,3,1
1114,wears,13,0,4,1,4,1
1115,zebub,4,1,4,1,4,1
1116,bache,4,1,5,1,5,1
1117,hedgy,6,1,6,1,6,1
1118,lunch,3,1,4,1,4,1
1119,lased,3,1,2,1,2,1
1120,rewax,6,1,5,1,6,1
1121,celia,4,1,6,1,6,1
1122,avick,4,1,5,1,4,1
1123,freer,6,1,6,1,4,1
1124,hault,3,1,3,1,5,1
1125,adapa,5,1,4,1,4,1
1126,ngaio,3,1,3,1,3,1
1127,hanif,3,1,4,1,4,1
1128,glede,3,1,5,1,5,1
1129,rocky,5,1,5,1,4,1
1130,prepn,6,1,4,1,4,1
1131,ducks,9,0,9,0,9,0
1132,stile,3,1,6,1,5,1
1133,quaky,4,1,5,1,5,1
1134,drank,8,0,4,1,4,1
1135,bhara,5,1,4,1,4,1
1136,ossia,5,1,4,1,3,1
1137,tholi,4,1,3,1,3,1
1138,agape,5,1,5,1,5,1
1139,mammy,6,1,4,1,4,1
1140,ember,5,1,6,1,5,1
1141,zulus,5,1,5,1,5,1
1142,gynic,5,1,5,1,5,1
1143,hodge,6,1,7,0,7,0
1144,unrra,5,1,3,1,3,1
1145,poker,4,1,7,0,7,0
1146,pbxes,5,1,6,1,6,1
1147,camla,5,1,5,1,5,1
1148,duras,4,1,5,1,5,1
1149,loamy,4,1,4,1,4,1
1150,insue,6,1,4,1,4,1
1151,doigt,4,1,4,1,4,1
1152,pages,6,1,5,1,5,1
1153,slirt,4,1,5,1,5,1
1154,color,3,1,4,1,4,1
1155,kugel,5,1,5,1,5,1
1156,kalam,5,1,4,1,4,1
1157,ervum,4,1,4,1,4,1
1158,centi,5,1,5,1,5,1
1159,rated,4,1,4,1,4,1
1160,moudy,7,0,5,1,5,1
1161,rooed,6,1,6,1,7,0
1162,ticks,5,1,6,1,6,1
1163,liwan,6,1,4,1,4,1
1164,vagal,6,1,6,1,6,1
1165,lycea,7,0,4,1,4,1
1166,muran,5,1,3,1,3,1
1167,onymy,4,1,4,1,4,1
1168,jaded,7,0,4,1,4,1
1169,buick,6,1,5,1,5,1
1170,lochs,4,1,6,1,6,1
1171,other,4,1,3,1,3,1
1172,recut,4,1,4,1,4,1
1173,tufas,6,1,4,1,4,1
1174,upmix,5,1,4,1,4,1
1175,reneg,6,1,5,1,5,1
1176,ouphs,4,1,5,1,4,1
1177,warts,6,1,2,1,2,1
1178,besit,3,1,4,1,4,1
1179,cloak,4,1,5,1,5,1
1180,galah,5,1,6,1,6,1
1181,oraon,5,1,4,1,4,1
1182,brees,4,1,2,1,2,1
1183,hives,8,0,7,0,7,0
1184,lexia,5,1,5,1,5,1
1185,whale,4,1,3,1,3,1
1186,quadi,6,1,4,1,4,1
1187,doozy,8,0,4,1,4,1
1188,richt,5,1,3,1,3,1
1189,flamb,6,1,5,1,5,1
1190,adret,6,1,4,1,4,1
1191,duant,4,1,5,1,5,1
1192,blimy,4,1,4,1,5,1
1193,accum,5,1,4,1,4,1
1194,banus,4,1,5,1,5,1
1195,rauli,4,1,3,1,3,1
1196,dedal,5,1,7,0,7,0
1197,fanga,7,0,8,0,8,0
1198,karez,7,0,5,1,5,1
1199,wappo,3,1,5,1,5,1
1200,torve,7,0,2,1,2,1
1201,letch,5,1,4,1,4,1
1202,gadis,7,0,7,0,7,0
1203,oaths,6,1,3,1,3,1
1204,goudy,5,1,6,1,6,1
1205,nudes,4,1,4,1,4,1
1206,antsy,3,1,5,1,4,1
1207,usage,5,1,4,1,4,1
1208,amias,6,1,4,1,4,1
1209,pekan,4,1,5,1,5,1
1210,jitro,6,1,5,1,6,1
1211,retin,7,0,4,1,4,1
1212,daira,6,1,5,1,5,1
1213,athel,5,1,3,1,3,1
1214,urine,6,1,6,1,6,1
1215,aloin,5,1,4,1,4,1
1216,haste,6,1,4,1,4,1
1217,hopis,3,1,5,1,5,1
1218,irena,3,1,5,1,5,1
1219,mahar,3,1,5,1,5,1
1220,twait,6,1,3,1,4,1
1221,vixen,5,1,4,1,4,1
1222,xicak,6,1,4,1,4,1
1223,roles,11,0,7,0,7,0
1224,feast,5,1,4,1,4,1
1225,seora,3,1,3,1,3,1
1226,gills,9,0,14,0,14,0
1227,messe,7,0,3,1,3,1
1228,hates,11,0,7,0,7,0
1229,fdubs,2,1,4,1,4,1
1230,devil,5,1,3,1,3,1
1231,cyano,6,1,4,1,4,1
1232,sauty,4,1,3,1,3,1
1233,scruf,6,1,3,1,3,1
1234,sulea,3,1,3,1,3,1
1235,plums,5,1,5,1,4,1
1236,stick,3,1,8,0,3,1
1237,daroo,6,1,5,1,5,1
1238,remen,5,1,5,1,3,1
1239,lapin,4,1,4,1,4,1
1240,goral,5,1,7,0,7,0
1241,pudgy,5,1,4,1,5,1
1242,yodel,4,1,3,1,3,1
1243,theme,5,1,5,1,3,1
1244,kanga,6,1,6,1,6,1
1245,ephoi,3,1,4,1,4,1
1246,abama,6,1,4,1,4,1
1247,whill,7,0,4,1,4,1
1248,berun,4,1,5,1,5,1
1249,dunts,4,1,7,0,7,0
1250,sexts,8,0,3,1,3,1
1251,lever,6,1,4,1,5,1
1252,reach,5,1,6,1,6,1
1253,bamah,4,1,4,1,4,1
1254,snide,6,1,4,1,5,1
1255,bivvy,7,0,5,1,4,1
1256,strum,4,1,5,1,4,1
1257,mowie,6,1,5,1,5,1
1258,brike,5,1,4,1,4,1
1259,besee,6,1,4,1,4,1
1260,grate,6,1,6,1,7,0
1261,chubb,6,1,4,1,4,1
1262,lamby,4,1,5,1,4,1
1263,eddie,6,1,5,1,4,1
1264,redox,6,1,5,1,5,1
1265,cosey,3,1,4,1,4,1
1266,heths,6,1,6,1,6,1
1267,vitro,6,1,4,1,4,1
1268,stabs,8,0,6,1,6,1
1269,kiwis,6,1,4,1,4,1
1270,comal,7,0,7,0,7,0
1271,birsy,4,1,4,1,4,1
1272,hicky,4,1,4,1,4,1
1273,aecia,5,1,5,1,5,1
1274,mirza,5,1,4,1,4,1
1275,cequi,6,1,3,1,3,1
1276,whase,4,1,4,1,5,1
1277,mutch,7,0,3,1,3,1
1278,sesia,7,0,6,1,5,1
1279,kolas,3,1,5,1,6,1
1280,mowha,5,1,4,1,4,1
1281,tacet,5,1,4,1,4,1
1282,hanks,6,1,7,0,7,0
1283,bosun,5,1,4,1,4,1
1284,tomin,4,1,5,1,5,1
1285,direr,4,1,4,1,4,1
1286,rawly,6,1,4,1,5,1
1287,inion,5,1,6,1,4,1
1288,lobar,3,1,5,1,5,1
1289,burls,5,1,3,1,3,1
1290,fable,7,0,5,1,5,1
1291,mohos,6,1,6,1,6,1
1292,clade,7,0,9,0,9,0
1293,abyss,5,1,4,1,4,1
1294,terre,4,1,3,1,3,1
1295,urson,5,1,2,1,2,1
1296,count,4,1,3,1,3,1
1297,hoven,4,1,6,1,6,1
1298,bomos,7,0,4,1,3,1
1299,whips,6,1,4,1,4,1
1300,elsin,4,1,4,1,4,1
1301,sudan,5,1,7,0,3,1
1302,purty,7,0,4,1,4,1
1303,nohex,6,1,5,1,5,1
1304,bitis,5,1,6,1,6,1
1305,tsuba,4,1,4,1,4,1
1306,amins,5,1,5,1,5,1
1307,thung,5,1,3,1,3,1
1308,thick,5,1,5,1,5,1
1309,horae,5,1,4,1,4,1
1310,pamir,6,1,5,1,5,1
1311,ajiva,5,1,4,1,4,1
1312,stuss,5,1,3,1,3,1
1313,parte,4,1,2,1,2,1
1314,tuber,7,0,5,1,5,1
1315,fairy,4,1,7,0,7,0
1316,malwa,6,1,4,1,4,1
1317,dewey,4,1,4,1,4,1
1318,alkyl,5,1,4,1,4,1
1319,hafis,7,0,6,1,6,1
1320,freed,4,1,6,1,5,1
1321,eland,5,1,3,1,3,1
1322,fixer,8,0,6,1,6,1
1323,waged,5,1,7,0,7,0
1324,gasts,8,0,8,0,8,0
1325,upher,8,0,4,1,5,1
1326,blunk,4,1,6,1,6,1
1327,cores,6,1,9,0,9,0
1328,rasty,7,0,3,1,3,1
1329,tabor,5,1,4,1,4,1
1330,teems,5,1,4,1,3,1
1331,coals,6,1,6,1,6,1
1332,vireo,4,1,3,1,3,1
1333,colon,5,1,3,1,3,1
1334,thill,4,1,4,1,4,1
1335,reify,5,1,4,1,4,1
1336,metra,4,1,3,1,3,1
1337,wairs,5,1,3,1,3,1
1338,rudds,4,1,6,1,6,1
1339,parch,5,1,5,1,5,1
1340,gaels,6,1,3,1,3,1
1341,brizz,6,1,6,1,5,1
1342,sabby,6,1,9,0,4,1
1343,blets,3,1,6,1,6,1
1344,hurls,8,0,6,1,6,1
1345,insep,4,1,5,1,5,1
1346,mycol,5,1,4,1,4,1
1347,email,4,1,4,1,4,1
1348,biffs,7,0,5,1,5,1
1349,brook,4,1,6,1,6,1
1350,boiko,4,1,4,1,4,1
1351,beala,5,1,3,1,3,1
1352,lerwa,5,1,6,1,6,1
1353,borel,6,1,6,1,6,1
1354,aking,7,0,6,1,5,1
1355,evene,7,0,4,1,4,1
1356,siroc,3,1,3,1,3,1
1357,moche,4,1,5,1,5,1
1358,vivre,6,1,4,1,4,1
1359,orals,5,1,6,1,6,1
1360,bemix,7,0,4,1,4,1
1361,tairn,4,1,4,1,4,1
1362,nizam,5,1,5,1,4,1
1363,litas,5,1,3,1,3,1
1364,pasch,5,1,5,1,4,1
1365,pored,4,1,3,1,3,1
1366,twere,7,0,3,1,3,1
1367,akron,3,1,4,1,4,1
1368,natus,4,1,4,1,4,1
1369,sparm,4,1,4,1,5,1
1370,tutto,7,0,3,1,3,1
1371,sophs,3,1,5,1,5,1
1372,desks,5,1,5,1,5,1
1373,upupa,7,0,4,1,4,1
1374,duler,5,1,6,1,5,1
1375,adzes,4,1,4,1,4,1
1376,ethic,4,1,4,1,4,1
1377,pursy,5,1,3,1,3,1
1378,hoary,5,1,3,1,3,1
1379,ricey,5,1,5,1,5,1
1380,toged,8,0,8,0,8,0
1381,ident,4,1,4,1,4,1
1382,adeep,5,1,4,1,4,1
1383,yechy,7,0,4,1,4,1
1384,drury,7,0,5,1,3,1
1385,eyrir,4,1,4,1,4,1
1386,mount,3,1,4,1,4,1
1387,sclim,5,1,4,1,4,1
1388,haida,3,1,3,1,3,1
1389,waxen,5,1,4,1,4,1
1390,phoss,4,1,4,1,4,1
1391,inorg,4,1,3,1,5,1
1392,koila,6,1,3,1,3,1
1393,kilah,5,1,5,1,5,1
1394,bleak,5,1,5,1,5,1
1395,strae,4,1,2,1,2,1
1396,ashur,5,1,4,1,3,1
1397,frows,5,1,5,1,5,1
1398,benny,7,0,4,1,4,1
1399,catel,5,1,5,1,5,1
1400,tombe,6,1,4,1,4,1
1401,lunts,6,1,5,1,5,1
1402,segou,3,1,4,1,4,1
1403,callo,3,1,5,1,5,1
1404,trina,5,1,3,1,3,1
1405,wakon,5,1,5,1,5,1
1406,sties,5,1,3,1,3,1
1407,wales,9,0,3,1,3,1
1408,sheep,6,1,5,1,5,1
1409,hikes,4,1,9,0,9,0
1410,veins,5,1,5,1,5,1
1411,deben,4,1,3,1,3,1
1412,aulas,4,1,3,1,3,1
1413,heinz,4,1,5,1,5,1
1414,floss,4,1,6,1,6,1
1415,cakey,5,1,6,1,6,1
1416,exody,5,1,4,1,4,1
1417,lural,8,0,5,1,5,1
1418,abime,4,1,4,1,4,1
1419,kioko,6,1,4,1,5,1
1420,sisal,4,1,4,1,4,1
1421,sines,9,0,7,0,7,0
1422,savvy,8,0,4,1,5,1
1423,punga,7,0,4,1,4,1
1424,moats,8,0,3,1,3,1
1425,nubia,7,0,4,1,4,1
1426,egads,6,1,5,1,5,1
1427,puked,4,1,4,1,4,1
1428,uayeb,5,1,4,1,4,1
1429,ruled,4,1,4,1,5,1
1430,renin,7,0,6,1,6,1
1431,mulct,4,1,3,1,3,1
1432,jills,10,0,12,0,12,0
1433,essed,3,1,3,1,3,1
1434,irony,3,1,3,1,5,1
1435,oside,5,1,4,1,5,1
1436,aesir,4,1,3,1,3,1
1437,adrop,5,1,4,1,5,1
1438,octet,6,1,4,1,3,1
1439,oasts,4,1,5,1,5,1
1440,dadap,5,1,6,1,6,1
1441,stobs,5,1,6,1,6,1
1442,scags,7,0,6,1,6,1
1443,donar,4,1,5,1,5,1
1444,aging,6,1,7,0,7,0
1445,thews,5,1,3,1,3,1
1446,chiru,4,1,5,1,3,1
1447,reply,5,1,4,1,4,1
1448,alist,5,1,3,1,3,1
1449,derby,4,1,6,1,6,1
1450,holed,9,0,6,1,7,0
1451,bowge,4,1,4,1,4,1
1452,lochy,3,1,4,1,4,1
1453,syces,5,1,5,1,5,1
1454,frugs,4,1,4,1,4,1
1455,amala,5,1,3,1,4,1
1456,sturt,5,1,3,1,3,1
1457,jello,5,1,4,1,4,1
1458,thoft,4,1,4,1,4,1
1459,eyght,5,1,4,1,4,1
1460,broon,5,1,5,1,4,1
1461,bocce,6,1,5,1,3,1
1462,bosch,6,1,4,1,5,1
1463,burma,4,1,4,1,4,1
1464,kauri,5,1,4,1,4,1
1465,yomer,4,1,4,1,4,1
1466,abdat,4,1,3,1,3,1
1467,abaca,9,0,6,1,6,1
1468,loxed,7,0,4,1,4,1
1469,farms,4,1,6,1,6,1
1470,spado,5,1,4,1,5,1
1471,thing,6,1,4,1,4,1
1472,puler,3,1,4,1,4,1
1473,scows,5,1,5,1,5,1
1474,mbira,2,1,5,1,5,1
1475,tajes,8,0,8,0,8,0
1476,semis,6,1,5,1,5,1
1477,rybat,5,1,3,1,3,1
1478,tense,5,1,3,1,3,1
1479,mesal,4,1,3,1,3,1
1480,swage,4,1,4,1,5,1
1481,vatic,6,1,5,1,3,1
1482,glisk,3,1,3,1,3,1
1483,spong,5,1,4,1,4,1
1484,pryer,5,1,6,1,5,1
1485,loury,4,1,4,1,4,1
1486,cissy,5,1,5,1,6,1
1487,odist,4,1,5,1,5,1
1488,miaow,5,1,5,1,5,1
1489,quiff,3,1,5,1,5,1
1490,nebby,6,1,4,1,4,1
1491,bajan,6,1,4,1,4,1
1492,kanas,5,1,6,1,6,1
1493,metic,4,1,5,1,5,1
1494,milor,6,1,3,1,4,1
1495,fraik,5,1,4,1,4,1
1496,klong,5,1,3,1,3,1
1497,spaed,5,1,4,1,4,1
1498,gazel,6,1,5,1,5,1
1499,blite,5,1,5,1,5,1
1500,slink,5,1,3,1,3,1
1501,eneas,6,1,3,1,3,1
1502,cynic,3,1,3,1,3,1
1503,memos,4,1,5,1,5,1
1504,goter,6,1,8,0,8,0
1505,bawly,4,1,4,1,4,1
1506,fname,6,1,4,1,4,1
1507,soulx,7,0,4,1,4,1
1508,hyson,5,1,4,1,4,1
1509,stirk,5,1,4,1,4,1
1510,icasm,5,1,4,1,3,1
1511,embed,4,1,4,1,4,1
1512,kabab,4,1,4,1,4,1
1513,elans,6,1,3,1,3,1
1514,knarl,5,1,4,1,4,1
1515,basyl,4,1,4,1,3,1
1516,hypho,4,1,4,1,4,1
1517,hemin,7,0,4,1,4,1
1518,stilb,5,1,5,1,6,1
1519,leper,4,1,5,1,6,1
1520,saura,7,0,3,1,3,1
1521,earns,7,0,2,1,2,1
1522,seedy,4,1,5,1,5,1
1523,corin,5,1,2,1,2,1
1524,flaps,7,0,5,1,5,1
1525,ewder,3,1,4,1,4,1
1526,grays,7,0,3,1,4,1
1527,dachs,5,1,5,1,5,1
1528,lynne,6,1,5,1,5,1
1529,hippo,4,1,4,1,4,1
1530,kecky,7,0,4,1,5,1
1531,suber,6,1,5,1,5,1
1532,bemba,5,1,4,1,4,1
1533,mnage,6,1,3,1,3,1
1534,umset,6,1,5,1,5,1
1535,bides,8,0,7,0,7,0
1536,sakes,7,0,6,1,6,1
1537,rosed,6,1,4,1,4,1
1538,reles,5,1,5,1,5,1
1539,heedy,6,1,5,1,5,1
1540,fucks,5,1,8,0,8,0
1541,tumli,4,1,4,1,4,1
1542,acryl,4,1,4,1,4,1
1543,poets,3,1,5,1,5,1
1544,elmer,4,1,5,1,4,1
1545,react,5,1,3,1,3,1
1546,bolly,7,0,12,0,12,0
1547,shice,5,1,6,1,7,0
1548,yoghs,4,1,5,1,6,1
1549,moorn,6,1,4,1,5,1
1550,ryked,4,1,4,1,6,1
1551,river,6,1,6,1,3,1
1552,cotte,5,1,3,1,3,1
1553,cadua,4,1,5,1,5,1
1554,rhina,6,1,4,1,4,1
1555,india,5,1,4,1,4,1
1556,parrs,5,1,5,1,5,1
1557,scrae,4,1,3,1,3,1
1558,outen,5,1,3,1,3,1
1559,uvres,5,1,4,1,4,1
1560,logoi,6,1,4,1,4,1
1561,frary,5,1,5,1,5,1
1562,juans,7,0,4,1,4,1
1563,chief,6,1,5,1,5,1
1564,teaty,7,0,4,1,3,1
1565,winer,6,1,5,1,5,1
1566,jewis,5,1,6,1,6,1
1567,plugs,6,1,5,1,5,1
1568,canis,5,1,5,1,5,1
1569,blots,5,1,6,1,6,1
1570,asian,7,0,4,1,5,1
1571,polys,4,1,5,1,5,1
1572,kutta,3,1,4,1,4,1
1573,pagan,6,1,7,0,7,0
1574,salty,5,1,4,1,5,1
1575,unorn,6,1,3,1,4,1
1576,gabby,6,1,6,1,6,1
1577,whute,5,1,4,1,4,1
1578,pique,3,1,5,1,5,1
1579,algal,4,1,6,1,5,1
1580,altun,5,1,3,1,3,1
1581,quass,6,1,4,1,4,1
1582,caman,7,0,7,0,7,0
1583,melis,6,1,4,1,5,1
1584,peals,5,1,7,0,7,0
1585,seams,6,1,4,1,4,1
1586,flear,6,1,3,1,3,1
1587,salmo,4,1,5,1,4,1
1588,tubes,5,1,6,1,6,1
1589,coomy,7,0,3,1,3,1
1590,trapt,5,1,3,1,4,1
1591,tulsi,4,1,4,1,3,1
1592,jirga,4,1,4,1,4,1
1593,aperu,5,1,5,1,4,1
1594,karat,6,1,4,1,4,1
1595,serra,4,1,3,1,3,1
1596,stite,5,1,4,1,4,1
1597,chane,5,1,5,1,5,1
1598,wards,7,0,4,1,4,1
1599,lenad,5,1,4,1,4,1
1600,hairy,6,1,6,1,6,1
1601,rheas,4,1,3,1,3,1
1602,sueve,7,0,4,1,5,1
1603,zilla,3,1,4,1,4,1
1604,jenny,4,1,7,0,7,0
1605,torma,5,1,4,1,4,1
1606,ketol,4,1,5,1,5,1
1607,fanos,6,1,7,0,7,0
1608,armor,3,1,4,1,4,1
1609,uskok,4,1,4,1,4,1
1610,wicks,4,1,4,1,4,1
1611,maghi,5,1,4,1,4,1
1612,wahoo,7,0,5,1,5,1
1613,darci,5,1,4,1,4,1
1614,hames,4,1,7,0,7,0
1615,podal,7,0,4,1,4,1
1616,joked,6,1,7,0,7,0
1617,skeel,5,1,4,1,4,1
1618,brott,5,1,6,1,5,1
1619,aster,5,1,2,1,2,1
1620,denay,4,1,5,1,5,1
1621,aghan,4,1,4,1,4,1
1622,juyas,6,1,5,1,5,1
1623,bhaga,3,1,5,1,5,1
1624,baser,7,0,8,0,8,0
1625,farci,4,1,5,1,5,1
1626,raise,6,1,4,1,3,1
1627,boils,5,1,4,1,4,1
1628,tewly,8,0,4,1,4,1
1629,balun,5,1,4,1,4,1
1630,tabut,7,0,4,1,4,1
1631,parao,6,1,3,1,3,1
1632,stint,5,1,3,1,3,1
1633,misly,7,0,3,1,3,1
1634,latch,5,1,3,1,7,0
1635,oncin,6,1,3,1,3,1
1636,saily,3,1,3,1,4,1
1637,miqra,6,1,4,1,4,1
1638,retan,5,1,5,1,5,1
1639,porch,6,1,3,1,3,1
1640,oiled,6,1,3,1,3,1
1641,leets,5,1,4,1,5,1
1642,awarn,4,1,3,1,3,1
1643,porky,6,1,5,1,5,1
1644,swore,2,1,3,1,3,1
1645,hefty,4,1,5,1,5,1
1646,iztle,4,1,3,1,3,1
1647,akpek,5,1,4,1,4,1
1648,oxime,5,1,4,1,4,1
1649,orbed,4,1,4,1,5,1
1650,exdie,4,1,4,1,5,1
1651,appui,6,1,4,1,4,1
1652,bafta,6,1,3,1,5,1
1653,kansa,3,1,4,1,4,1
1654,gorer,7,0,6,1,6,1
1655,blare,4,1,7,0,7,0
1656,amman,7,0,4,1,4,1
1657,cupid,5,1,4,1,4,1
1658,glean,4,1,3,1,4,1
1659,arced,4,1,4,1,4,1
1660,vicar,4,1,5,1,5,1
1661,brere,5,1,4,1,3,1
1662,hatty,7,0,4,1,6,1
1663,unbog,7,0,4,1,4,1
1664,gyges,5,1,7,0,7,0
1665,knosp,3,1,4,1,4,1
1666,luxes,9,0,4,1,4,1
1667,rosin,3,1,3,1,3,1
1668,shoya,3,1,4,1,5,1
1669,whins,6,1,4,1,4,1
1670,coman,5,1,6,1,6,1
1671,navig,4,1,4,1,4,1
1672,kinoo,4,1,5,1,4,1
1673,pokey,3,1,4,1,4,1
1674,parsi,4,1,3,1,3,1
1675,liney,6,1,4,1,4,1
1676,limen,3,1,3,1,3,1
1677,steep,4,1,3,1,3,1
1678,chivw,7,0,5,1,5,1
1679,bleep,5,1,4,1,4,1
1680,shaup,6,1,3,1,5,1
1681,miami,5,1,5,1,5,1
1682,sicks,5,1,4,1,4,1
1683,chold,3,1,4,1,4,1
1684,alang,6,1,4,1,4,1
1685,barat,5,1,6,1,6,1
1686,peril,3,1,5,1,5,1
1687,harpy,6,1,7,0,7,0
1688,cicer,7,0,8,0,8,0
1689,vexes,8,0,6,1,6,1
1690,fagot,5,1,5,1,5,1
1691,gulas,6,1,5,1,5,1
1692,bibio,5,1,5,1,5,1
1693,wiped,6,1,5,1,5,1
1694,lanky,6,1,6,1,6,1
1695,sages,7,0,7,0,7,0
1696,wordy,5,1,4,1,4,1
1697,cymes,6,1,6,1,6,1
1698,zendo,4,1,4,1,4,1
1699,irous,4,1,3,1,3,1
1700,kerri,5,1,5,1,5,1
1701,aleak,6,1,3,1,3,1
1702,iphis,4,1,4,1,4,1
1703,renet,4,1,6,1,5,1
1704,lingo,4,1,3,1,3,1
1705,caput,7,0,5,1,3,1
1706,jatki,4,1,4,1,5,1
1707,adjag,4,1,4,1,4,1
1708,lurid,4,1,4,1,4,1
1709,flong,5,1,4,1,4,1
1710,valve,8,0,4,1,4,1
1711,brims,5,1,7,0,7,0
1712,creek,8,0,4,1,3,1
1713,ratal,5,1,4,1,4,1
1714,cater,11,0,11,0,11,0
1715,unlie,3,1,4,1,4,1
1716,cumbu,4,1,3,1,3,1
1717,aryan,6,1,4,1,4,1
1718,lakin,5,1,5,1,5,1
1719,gombo,5,1,5,1,5,1
1720,gleit,3,1,3,1,3,1
1721,pyrex,5,1,4,1,4,1
1722,spaes,4,1,3,1,3,1
1723,gange,6,1,7,0,7,0
1724,stars,4,1,3,1,3,1
1725,spite,4,1,2,1,4,1
1726,colas,5,1,6,1,7,0
1727,wiver,10,0,4,1,4,1
1728,guser,4,1,5,1,5,1
1729,poses,5,1,3,1,3,1
1730,agaty,4,1,3,1,3,1
1731,groof,6,1,3,1,6,1
1732,mensk,5,1,4,1,5,1
1733,leads,5,1,6,1,6,1
1734,nymss,4,1,4,1,4,1
1735,banya,5,1,5,1,5,1
1736,tipsy,5,1,3,1,3,1
1737,opata,4,1,5,1,5,1
1738,alima,4,1,4,1,4,1
1739,ponos,5,1,5,1,5,1
1740,icier,6,1,4,1,4,1
1741,clerk,4,1,4,1,4,1
1742,patin,6,1,4,1,3,1
1743,threw,5,1,3,1,3,1
1744,untax,6,1,4,1,4,1
1745,deair,5,1,4,1,3,1
1746,clomp,3,1,4,1,4,1
1747,tagel,5,1,5,1,5,1
1748,rinse,4,1,3,1,4,1
1749,dipso,5,1,4,1,4,1
1750,comby,5,1,5,1,5,1
1751,cahuy,5,1,5,1,5,1
1752,purda,5,1,5,1,5,1
1753,pieta,5,1,3,1,4,1
1754,wiyat,3,1,4,1,4,1
1755,lalls,7,0,5,1,5,1
1756,howls,4,1,4,1,4,1
1757,nappy,5,1,6,1,6,1
1758,fetes,6,1,5,1,5,1
1759,sable,8,0,4,1,4,1
1760,sapek,4,1,5,1,5,1
1761,uvala,5,1,4,1,4,1
1762,sitao,4,1,4,1,3,1
1763,ixora,4,1,5,1,5,1
1764,sades,10,0,9,0,9,0
1765,inapt,4,1,4,1,4,1
1766,nyxis,5,1,4,1,4,1
1767,monas,9,0,5,1,5,1
1768,adieu,4,1,4,1,4,1
1769,ephod,5,1,4,1,4,1
1770,smeer,10,0,6,1,6,1
1771,katie,7,0,4,1,4,1
1772,there,5,1,4,1,4,1
1773,jiggy,7,0,5,1,6,1
1774,imbed,5,1,6,1,6,1
1775,birch,5,1,3,1,3,1
1776,potch,3,1,3,1,3,1
1777,sneds,7,0,3,1,3,1
1778,bruta,5,1,4,1,5,1
1779,jaina,6,1,3,1,3,1
1780,flota,5,1,3,1,3,1
1781,caver,8,0,4,1,4,1
1782,rheme,4,1,3,1,3,1
1783,trier,6,1,3,1,2,1
1784,dadas,6,1,5,1,5,1
1785,ranks,4,1,3,1,3,1
1786,fusty,4,1,6,1,6,1
1787,fiscs,4,1,7,0,7,0
1788,fouty,6,1,4,1,4,1
1789,betes,7,0,6,1,6,1
1790,bible,6,1,5,1,5,1
1791,cumyl,4,1,3,1,3,1
1792,teaer,8,0,2,1,2,1
1793,malta,5,1,4,1,5,1
1794,spyer,5,1,4,1,4,1
1795,dunes,8,0,5,1,5,1
1796,apoda,4,1,4,1,4,1
1797,minah,5,1,5,1,4,1
1798,aitch,5,1,4,1,4,1
1799,moils,4,1,5,1,5,1
1800,jeans,6,1,7,0,7,0
1801,warch,7,0,4,1,4,1
1802,lurky,4,1,5,1,5,1
1803,mixes,7,0,7,0,7,0
1804,ixion,4,1,4,1,4,1
1805,hindi,5,1,4,1,5,1
1806,cloff,8,0,7,0,7,0
1807,spave,7,0,3,1,3,1
1808,kecks,6,1,5,1,5,1
1809,weedy,5,1,4,1,4,1
1810,alula,4,1,4,1,4,1
1811,cases,10,0,8,0,8,0
1812,wasty,5,1,4,1,3,1
1813,adagy,5,1,4,1,4,1
1814,oohed,5,1,6,1,6,1
1815,stank,5,1,3,1,3,1
1816,ovoli,4,1,3,1,3,1
1817,oriya,3,1,5,1,5,1
1818,bacao,6,1,5,1,5,1
1819,panic,4,1,4,1,4,1
1820,cronk,5,1,4,1,4,1
1821,zihar,4,1,5,1,5,1
1822,topsy,4,1,5,1,3,1
1823,girth,5,1,5,1,5,1
1824,cujam,5,1,4,1,4,1
1825,dulia,7,0,4,1,4,1
1826,seoul,4,1,4,1,4,1
1827,hanse,4,1,5,1,5,1
1828,betag,3,1,4,1,5,1
1829,mapau,2,1,5,1,5,1
1830,samaj,4,1,5,1,5,1
1831,foret,5,1,4,1,4,1
1832,culls,12,0,9,0,9,0
1833,serta,3,1,3,1,3,1
1834,throu,2,1,3,1,3,1
1835,lamna,3,1,4,1,4,1
1836,based,5,1,5,1,5,1
1837,desto,3,1,4,1,4,1
1838,zocco,6,1,4,1,4,1
1839,prate,4,1,3,1,4,1
1840,vinta,3,1,4,1,5,1
1841,chuck,5,1,5,1,5,1
1842,wrung,4,1,3,1,4,1
1843,spang,6,1,5,1,5,1
1844,veldt,5,1,4,1,4,1
1845,cread,5,1,5,1,5,1
1846,ouzel,4,1,4,1,4,1
1847,cagey,7,0,4,1,4,1
1848,rotan,7,0,3,1,3,1
1849,tavoy,5,1,5,1,5,1
1850,wysty,4,1,3,1,4,1
1851,cuban,5,1,5,1,5,1
1852,holes,6,1,7,0,7,0
1853,raggy,4,1,6,1,6,1
1854,onion,5,1,5,1,3,1
1855,doand,5,1,4,1,4,1
1856,dreep,5,1,4,1,3,1
1857,eshin,4,1,4,1,4,1
1858,fined,5,1,7,0,8,0
1859,meese,4,1,5,1,4,1
1860,glogg,5,1,5,1,5,1
1861,maxis,9,0,3,1,3,1
1862,clons,3,1,3,1,3,1
1863,cowle,7,0,4,1,4,1
1864,lamin,3,1,3,1,3,1
1865,semes,8,0,6,1,6,1
1866,prine,4,1,5,1,5,1
1867,padou,4,1,5,1,5,1
1868,chivy,5,1,4,1,4,1
1869,tuffs,4,1,5,1,5,1
1870,arses,3,1,2,1,2,1
1871,woozy,5,1,5,1,5,1
1872,louch,4,1,3,1,3,1
1873,shend,6,1,4,1,6,1
1874,hayne,5,1,5,1,5,1
1875,snips,3,1,4,1,4,1
1876,wodgy,4,1,4,1,5,1
1877,limey,5,1,4,1,4,1
1878,equiv,4,1,4,1,4,1
1879,aucht,5,1,5,1,5,1
1880,stane,6,1,5,1,5,1
1881,julus,6,1,6,1,6,1
1882,assay,4,1,4,1,3,1
1883,nanga,4,1,3,1,3,1
1884,timed,4,1,4,1,4,1
1885,macro,5,1,5,1,5,1
1886,ampul,3,1,5,1,5,1
1887,bassi,5,1,4,1,5,1
1888,clype,4,1,4,1,4,1
1889,event,6,1,4,1,4,1
1890,seton,6,1,4,1,3,1
1891,stchi,5,1,4,1,4,1
1892,itali,4,1,4,1,4,1
1893,donny,7,0,4,1,4,1
1894,lousy,8,0,3,1,4,1
1895,ditas,3,1,4,1,4,1
1896,medea,5,1,3,1,3,1
1897,pawky,5,1,5,1,5,1
1898,niels,5,1,5,1,5,1
1899,folky,6,1,5,1,5,1
1900,urent,4,1,4,1,4,1
1901,leben,5,1,4,1,4,1
1902,dings,3,1,5,1,5,1
1903,gripe,6,1,4,1,4,1
1904,iodin,6,1,4,1,4,1
1905,toles,7,0,6,1,6,1
1906,smoot,6,1,5,1,4,1
1907,rajas,6,1,4,1,4,1
1908,riffs,4,1,5,1,5,1
1909,looie,5,1,5,1,5,1
1910,hotel,5,1,4,1,4,1
1911,padle,4,1,4,1,4,1
1912,glory,3,1,3,1,4,1
1913,whush,4,1,4,1,4,1
1914,forky,6,1,6,1,6,1
1915,mists,8,0,4,1,4,1
1916,frush,7,0,5,1,5,1
1917,tutus,5,1,3,1,3,1
1918,dells,5,1,4,1,4,1
1919,umbre,4,1,4,1,4,1
1920,nixed,7,0,4,1,4,1
1921,wried,3,1,4,1,4,1
1922,nassa,5,1,4,1,3,1
1923,lobes,8,0,9,0,9,0
1924,shune,6,1,4,1,4,1
1925,tiang,3,1,3,1,4,1
1926,sprot,4,1,3,1,3,1
1927,crest,4,1,6,1,6,1
1928,vitae,4,1,4,1,4,1
1929,skirr,6,1,4,1,3,1
1930,eryon,5,1,3,1,3,1
1931,kaons,3,1,5,1,5,1
1932,spacy,4,1,6,1,4,1
1933,crook,5,1,5,1,5,1
1934,third,4,1,5,1,5,1
1935,sexto,4,1,4,1,4,1
1936,actus,4,1,4,1,4,1
1937,angie,5,1,4,1,4,1
1938,misgo,5,1,4,1,4,1
1939,cerin,5,1,4,1,4,1
1940,cutie,4,1,4,1,4,1
1941,derri,4,1,4,1,4,1
1942,arado,4,1,4,1,5,1
1943,reset,4,1,3,1,3,1
1944,lovey,5,1,4,1,4,1
1945,nugae,5,1,4,1,4,1
1946,alois,4,1,4,1,4,1
1947,voids,5,1,3,1,3,1
1948,jimmy,2,1,5,1,5,1
1949,atopy,4,1,5,1,5,1
1950,eidos,4,1,3,1,3,1
1951,neter,5,1,3,1,3,1
1952,wonts,5,1,4,1,5,1
1953,kyloe,6,1,4,1,4,1
1954,iddio,6,1,4,1,4,1
1955,tabac,6,1,4,1,4,1
1956,mynas,5,1,4,1,4,1
1957,hooka,6,1,4,1,4,1
1958,currs,5,1,4,1,4,1
1959,orgia,4,1,3,1,3,1
1960,stere,5,1,3,1,3,1
1961,pants,7,0,4,1,4,1
1962,moggy,7,0,6,1,6,1
1963,treat,7,0,2,1,2,1
1964,ogham,5,1,4,1,4,1
1965,tosca,4,1,3,1,3,1
1966,brave,3,1,6,1,7,0
1967,exion,4,1,4,1,4,1
1968,chort,4,1,3,1,3,1
1969,lenos,4,1,4,1,4,1
1970,aliya,3,1,3,1,3,1
1971,covid,5,1,3,1,3,1
1972,aural,7,0,3,1,3,1
1973,loris,3,1,4,1,4,1
1974,gemot,5,1,4,1,4,1
1975,unode,4,1,4,1,4,1
1976,crass,7,0,5,1,7,0
1977,poems,4,1,5,1,5,1
1978,botel,4,1,5,1,5,1
1979,covin,5,1,3,1,3,1
1980,sawny,3,1,4,1,5,1
1981,donga,9,0,3,1,6,1
1982,quads,7,0,5,1,5,1
1983,chink,3,1,3,1,3,1
1984,sippy,5,1,4,1,4,1
1985,bidet,4,1,5,1,5,1
1986,smrgs,4,1,4,1,4,1
1987,bluer,6,1,5,1,6,1
1988,akule,4,1,6,1,7,0
1989,thats,4,1,4,1,4,1
1990,vario,6,1,5,1,5,1
1991,multi,7,0,4,1,4,1
1992,kolis,5,1,5,1,5,1
1993,whisp,4,1,4,1,4,1
1994,boobs,7,0,7,0,7,0
1995,copis,4,1,6,1,6,1
1996,lakke,5,1,4,1,4,1
1997,tubed,7,0,5,1,5,1
1998,mingo,5,1,5,1,5,1
1999,stums,5,1,5,1,5,1
2000,carns,9,0,7,0,7,0
2001,aweel,6,1,4,1,4,1
2002,alnus,6,1,3,1,3,1
2003,whirs,8,0,3,1,3,1
2004,limes,5,1,6,1,6,1
2005,anigh,5,1,4,1,4,1
2006,sotik,4,1,4,1,3,1
2007,ideal,4,1,4,1,4,1
2008,khass,5,1,4,1,4,1
2009,alosa,4,1,4,1,3,1
2010,pinko,4,1,4,1,5,1
2011,manuf,6,1,4,1,4,1
2012,seige,6,1,5,1,5,1
2013,unwan,6,1,4,1,4,1
2014,kusam,4,1,5,1,5,1
2015,dauby,7,0,4,1,5,1
2016,mikey,6,1,4,1,4,1
2017,nopal,4,1,5,1,5,1
2018,boing,4,1,4,1,4,1
2019,glued,4,1,4,1,4,1
2020,snitz,3,1,4,1,5,1
2021,idant,6,1,4,1,4,1
2022,pisco,4,1,4,1,4,1
2023,epoxy,5,1,5,1,5,1
2024,enweb,4,1,4,1,4,1
2025,ponga,5,1,5,1,5,1
2026,stork,4,1,5,1,5,1
2027,wakif,4,1,5,1,5,1
2028,loofa,4,1,4,1,4,1
2029,lehrs,3,1,4,1,4,1
2030,ochry,6,1,4,1,4,1
2031,arioi,3,1,3,1,3,1
2032,reddy,5,1,5,1,5,1
2033,urban,2,1,3,1,3,1
2034,playa,5,1,5,1,5,1
2035,anole,7,0,3,1,4,1
2036,sedgy,6,1,5,1,5,1
2037,pluff,6,1,5,1,5,1
2038,resay,4,1,3,1,3,1
2039,gauzy,5,1,5,1,5,1
2040,suevi,4,1,4,1,4,1
2041,wicht,5,1,4,1,4,1
2042,bugan,5,1,4,1,4,1
2043,toras,5,1,2,1,2,1
2044,duits,3,1,4,1,4,1
2045,immov,5,1,5,1,4,1
2046,hundi,4,1,4,1,4,1
2047,whirl,5,1,4,1,4,1
2048,smolt,4,1,4,1,5,1
2049,uhllo,5,1,3,1,3,1
2050,carer,7,0,5,1,5,1
2051,eyras,3,1,2,1,2,1
2052,dolph,4,1,4,1,4,1
2053,broll,4,1,5,1,5,1
2054,subet,5,1,3,1,3,1
2055,ikona,4,1,4,1,5,1
2056,jolty,6,1,4,1,4,1
2057,jeany,7,0,4,1,4,1
2058,curer,7,0,5,1,5,1
2059,wacke,6,1,6,1,6,1
2060,drape,4,1,4,1,6,1
2061,slues,5,1,3,1,3,1
2062,masks,5,1,5,1,5,1
2063,taper,5,1,7,0,7,0
2064,subst,4,1,4,1,4,1
2065,bited,5,1,6,1,6,1
2066,blate,6,1,5,1,5,1
2067,smout,7,0,6,1,3,1
2068,byron,6,1,5,1,5,1
2069,pharm,4,1,5,1,5,1
2070,kauch,5,1,6,1,6,1
2071,emuls,5,1,5,1,5,1
2072,axing,6,1,4,1,5,1
2073,enows,3,1,4,1,4,1
2074,stain,6,1,4,1,4,1
2075,duped,5,1,4,1,4,1
2076,favus,5,1,5,1,5,1
2077,vedda,4,1,5,1,5,1
2078,nayar,5,1,3,1,3,1
2079,foots,5,1,4,1,4,1
2080,wonna,3,1,4,1,4,1
2081,prams,4,1,7,0,8,0
2082,prese,6,1,5,1,3,1
2083,dippy,4,1,7,0,7,0
2084,tarde,5,1,7,0,7,0
2085,arbor,5,1,5,1,5,1
2086,barid,4,1,5,1,5,1
2087,dolls,6,1,6,1,4,1
2088,sided,4,1,5,1,5,1
2089,midge,5,1,4,1,4,1
2090,denar,6,1,4,1,5,1
2091,envoy,5,1,4,1,5,1
2092,mixer,6,1,7,0,6,1
2093,mania,4,1,2,1,2,1
2094,bugre,3,1,5,1,5,1
2095,esker,4,1,5,1,5,1
2096,slurp,5,1,4,1,4,1
2097,cesti,5,1,3,1,5,1
2098,lanny,3,1,5,1,5,1
2099,dikes,10,0,6,1,6,1
2100,gryde,4,1,4,1,4,1
2101,jotas,5,1,3,1,3,1
2102,dotty,6,1,6,1,6,1
2103,tanny,7,0,5,1,5,1
2104,coost,6,1,3,1,4,1
2105,huari,4,1,5,1,5,1
2106,spues,5,1,4,1,4,1
2107,kedge,5,1,5,1,5,1
2108,unpeg,5,1,4,1,4,1
2109,sesma,5,1,5,1,4,1
2110,birne,4,1,4,1,4,1
2111,loges,6,1,7,0,7,0
2112,leppy,3,1,5,1,5,1
2113,kazoo,6,1,6,1,6,1
2114,basic,6,1,4,1,5,1
2115,abase,4,1,7,0,4,1
2116,fewer,7,0,6,1,6,1
2117,hokey,6,1,5,1,5,1
2118,sintu,5,1,3,1,4,1
2119,maral,5,1,4,1,4,1
2120,curds,4,1,5,1,5,1
2121,meril,5,1,5,1,5,1
2122,staph,3,1,4,1,4,1
2123,harts,5,1,6,1,6,1
2124,impot,4,1,4,1,4,1
2125,owght,3,1,4,1,4,1
2126,izars,5,1,5,1,4,1
2127,lotto,4,1,4,1,5,1
2128,molet,5,1,4,1,4,1
2129,cuffy,5,1,5,1,5,1
2130,coats,6,1,6,1,6,1
2131,gnoff,6,1,4,1,4,1
2132,plink,6,1,4,1,5,1
2133,mylar,2,1,4,1,4,1
2134,crude,4,1,4,1,5,1
2135,covey,7,0,5,1,5,1
2136,moric,4,1,4,1,4,1
2137,jimpy,5,1,4,1,4,1
2138,knows,6,1,4,1,4,1
2139,lindo,5,1,4,1,4,1
2140,again,6,1,4,1,4,1
2141,panos,3,1,4,1,4,1
2142,ashet,5,1,3,1,3,1
2143,braxy,6,1,6,1,6,1
2144,weste,3,1,3,1,3,1
2145,chark,4,1,6,1,6,1
2146,rides,8,0,9,0,9,0
2147,musie,6,1,4,1,3,1
2148,gauze,4,1,4,1,4,1
2149,thuya,5,1,3,1,3,1
2150,semel,5,1,3,1,3,1
2151,wroke,5,1,5,1,5,1
2152,cabda,4,1,4,1,4,1
2153,bigae,5,1,5,1,5,1
2154,guran,6,1,3,1,3,1
2155,joree,5,1,3,1,3,1
2156,tawse,5,1,2,1,3,1
2157,sumos,3,1,4,1,4,1
2158,yarns,6,1,3,1,3,1
2159,acrab,6,1,7,0,7,0
2160,gulix,5,1,5,1,5,1
2161,elfin,5,1,4,1,4,1
2162,lamda,4,1,4,1,4,1
2163,curua,4,1,4,1,4,1
2164,dices,7,0,7,0,7,0
2165,shist,7,0,4,1,5,1
2166,ahsan,5,1,5,1,4,1
2167,quauk,6,1,4,1,4,1
2168,boris,6,1,5,1,5,1
2169,rural,3,1,4,1,4,1
2170,yogin,4,1,4,1,4,1
2171,jumpy,5,1,5,1,5,1
2172,sweet,5,1,3,1,3,1
2173,octad,4,1,4,1,4,1
2174,irian,4,1,4,1,3,1
2175,drear,3,1,3,1,3,1
2176,fchar,5,1,5,1,5,1
2177,majas,6,1,4,1,4,1
2178,olden,4,1,3,1,3,1
2179,gigge,6,1,4,1,4,1
2180,scone,4,1,5,1,5,1
2181,empty,5,1,4,1,4,1
2182,supes,5,1,4,1,4,1
2183,mucro,4,1,5,1,3,1
2184,eaves,10,0,10,0,10,0
2185,thoom,4,1,4,1,4,1
2186,sakti,4,1,4,1,4,1
2187,ganga,10,0,7,0,7,0
2188,smear,5,1,4,1,4,1
2189,sigil,4,1,4,1,3,1
2190,shola,4,1,5,1,5,1
2191,taxon,4,1,3,1,3,1
2192,monte,3,1,4,1,4,1
2193,reune,5,1,4,1,4,1
2194,enage,4,1,4,1,4,1
2195,nival,4,1,4,1,4,1
2196,molls,5,1,5,1,5,1
2197,malik,5,1,4,1,4,1
2198,woosh,5,1,4,1,4,1
2199,glide,4,1,5,1,5,1
2200,samas,4,1,5,1,5,1
2201,fugle,5,1,4,1,4,1
2202,vulgo,5,1,4,1,4,1
2203,avers,6,1,4,1,4,1
2204,pirog,3,1,4,1,4,1
2205,aimak,4,1,4,1,4,1
2206,linac,4,1,4,1,4,1
2207,riche,7,0,3,1,3,1
2208,eeten,6,1,5,1,5,1
2209,ronga,4,1,4,1,4,1
2210,tolus,4,1,3,1,3,1
2211,banns,4,1,6,1,6,1
2212,hdqrs,5,1,4,1,4,1
2213,strop,4,1,5,1,3,1
2214,oboli,5,1,4,1,4,1
2215,speed,6,1,3,1,3,1
2216,meshy,2,1,4,1,3,1
2217,shark,4,1,5,1,5,1
2218,unsew,6,1,5,1,5,1
2219,polis,7,0,4,1,4,1
2220,salpa,4,1,6,1,4,1
2221,mimed,5,1,7,0,7,0
2222,noric,4,1,3,1,3,1
2223,hakes,8,0,6,1,6,1
2224,inbow,7,0,5,1,5,1
2225,theyd,6,1,4,1,4,1
2226,lucks,5,1,6,1,6,1
2227,lored,6,1,4,1,4,1
2228,kempt,5,1,5,1,5,1
2229,homme,4,1,5,1,5,1
2230,fusee,5,1,4,1,5,1
2231,ichor,5,1,4,1,4,1
2232,novus,4,1,4,1,5,1
2233,arrah,6,1,5,1,5,1
2234,hades,7,0,7,0,7,0
2235,amess,4,1,4,1,4,1
2236,foxer,10,0,8,0,6,1
2237,siren,6,1,4,1,4,1
2238,eddic,5,1,4,1,4,1
2239,acher,4,1,6,1,6,1
2240,pares,12,0,3,1,3,1
2241,embow,5,1,5,1,5,1
2242,behen,5,1,4,1,4,1
2243,swaps,6,1,4,1,4,1
2244,yogas,5,1,5,1,5,1
2245,execs,3,1,5,1,5,1
2246,adfix,6,1,5,1,5,1
2247,pukes,4,1,6,1,6,1
2248,ropes,6,1,6,1,6,1
2249,scalx,9,0,6,1,5,1
2250,diego,4,1,4,1,4,1
2251,idiot,5,1,4,1,4,1
2252,blond,7,0,4,1,4,1
2253,grume,7,0,5,1,5,1
2254,bowla,4,1,4,1,4,1
2255,faint,5,1,5,1,6,1
2256,galei,6,1,6,1,6,1
2257,crumb,4,1,3,1,5,1
2258,lewie,5,1,3,1,3,1
2259,idism,5,1,4,1,4,1
2260,teams,6,1,3,1,3,1
2261,bumps,6,1,4,1,4,1
2262,dawks,9,0,7,0,7,0
2263,jocks,8,0,7,0,7,0
2264,slain,7,0,3,1,4,1
2265,belga,6,1,5,1,5,1
2266,frank,4,1,6,1,6,1
2267,horah,5,1,4,1,4,1
2268,bilgy,5,1,5,1,5,1
2269,almas,4,1,3,1,3,1
2270,fards,8,0,9,0,9,0
2271,buffs,8,0,4,1,4,1
2272,ferry,5,1,10,0,10,0
2273,ozone,5,1,5,1,5,1
2274,gaius,6,1,6,1,6,1
2275,bogie,3,1,7,0,7,0
2276,mahoe,8,0,5,1,5,1
2277,chelp,3,1,3,1,3,1
2278,numen,5,1,5,1,5,1
2279,peage,5,1,4,1,4,1
2280,visas,6,1,5,1,5,1
2281,circa,5,1,4,1,4,1
2282,gotha,5,1,5,1,5,1
2283,joyce,6,1,5,1,6,1
2284,clive,5,1,3,1,3,1
2285,fplot,5,1,4,1,4,1
2286,douse,3,1,7,0,7,0
2287,limax,5,1,4,1,4,1
2288,lushy,4,1,4,1,4,1
2289,tryms,5,1,3,1,3,1
2290,piano,5,1,4,1,5,1
2291,amiss,6,1,4,1,4,1
2292,creed,4,1,6,1,6,1
2293,stave,5,1,3,1,4,1
2294,shims,6,1,5,1,5,1
2295,keefs,3,1,5,1,5,1
2296,weirs,4,1,3,1,3,1
2297,fuzee,3,1,5,1,5,1
2298,thave,4,1,4,1,3,1
2299,gutta,6,1,5,1,5,1
2300,larky,4,1,5,1,5,1
2301,manul,5,1,3,1,3,1
2302,yelek,4,1,4,1,4,1
2303,halfy,2,1,5,1,5,1
2304,forth,6,1,6,1,6,1
2305,scops,6,1,5,1,5,1
2306,roleo,5,1,3,1,5,1
2307,erika,4,1,4,1,4,1
2308,anode,4,1,4,1,4,1
2309,snobs,5,1,4,1,4,1
2310,pendn,5,1,5,1,5,1
2311,cosmo,4,1,3,1,4,1
2312,vogul,5,1,4,1,4,1
2313,surfs,9,0,6,1,6,1
2314,menus,6,1,6,1,6,1
2315,hecco,5,1,4,1,3,1
2316,twice,5,1,4,1,4,1
2317,eagre,3,1,4,1,4,1
2318,grees,5,1,4,1,4,1
2319,crabs,6,1,7,0,5,1
2320,tellt,5,1,4,1,5,1
2321,astor,3,1,4,1,4,1
2322,diose,4,1,5,1,4,1
2323,nymph,4,1,4,1,4,1
2324,ferri,4,1,4,1,4,1
2325,forbs,5,1,6,1,6,1
2326,shado,6,1,6,1,7,0
2327,silos,5,1,3,1,3,1
2328,basad,2,1,4,1,4,1
2329,sheat,4,1,5,1,5,1
2330,jagua,6,1,6,1,6,1
2331,rabot,5,1,5,1,5,1
2332,miggs,4,1,5,1,5,1
2333,prims,5,1,4,1,4,1
2334,haick,5,1,5,1,5,1
2335,tatty,8,0,4,1,4,1
2336,conga,4,1,6,1,7,0
2337,spill,4,1,4,1,4,1
2338,winze,7,0,5,1,5,1
2339,punny,8,0,4,1,4,1
2340,chank,6,1,5,1,5,1
2341,neems,6,1,4,1,4,1
2342,archd,6,1,4,1,4,1
2343,dulse,6,1,5,1,6,1
2344,limmu,5,1,4,1,5,1
2345,paces,7,0,5,1,5,1
2346,cheng,4,1,3,1,3,1
2347,femic,4,1,5,1,5,1
2348,wudge,4,1,4,1,4,1
2349,terzo,4,1,3,1,3,1
2350,busti,5,1,4,1,4,1
2351,cobol,4,1,6,1,6,1
2352,tides,5,1,6,1,6,1
2353,deash,4,1,3,1,3,1
2354,casey,5,1,4,1,4,1
2355,crump,6,1,4,1,4,1
2356,scaly,10,0,5,1,4,1
2357,shilh,4,1,4,1,4,1
2358,smeth,5,1,3,1,3,1
2359,zoner,5,1,7,0,7,0
2360,ccoya,6,1,5,1,5,1
2361,slype,5,1,4,1,4,1
2362,becry,5,1,4,1,4,1
2363,thurl,5,1,3,1,3,1
2364,cohog,5,1,5,1,5,1
2365,ionic,4,1,6,1,6,1
2366,adoxy,5,1,4,1,4,1
2367,wheen,5,1,3,1,3,1
2368,angas,4,1,5,1,5,1
2369,house,5,1,4,1,4,1
2370,flite,4,1,3,1,3,1
2371,howes,6,1,8,0,8,0
2372,clots,3,1,5,1,5,1
2373,ticky,8,0,8,0,8,0
2374,liner,6,1,4,1,4,1
2375,murra,5,1,5,1,5,1
2376,comdt,5,1,4,1,4,1
2377,leery,7,0,5,1,5,1
2378,irfan,4,1,4,1,4,1
2379,merer,6,1,3,1,3,1
2380,pridy,5,1,6,1,6,1
2381,wrick,7,0,4,1,3,1
2382,prove,7,0,4,1,5,1
2383,slonk,5,1,4,1,4,1
2384,scuds,6,1,5,1,5,1
2385,homos,7,0,5,1,4,1
2386,tinny,4,1,3,1,3,1
2387,cholo,5,1,4,1,4,1
2388,kissy,3,1,4,1,3,1
2389,mucin,6,1,4,1,4,1
2390,scian,4,1,4,1,4,1
2391,makes,7,0,5,1,5,1
2392,tazia,6,1,3,1,3,1
2393,agony,4,1,4,1,4,1
2394,annie,6,1,3,1,3,1
2395,vanir,5,1,3,1,3,1
2396,bries,4,1,3,1,3,1
2397,unais,4,1,5,1,5,1
2398,dulce,4,1,4,1,4,1
2399,abaff,6,1,4,1,4,1
2400,flect,6,1,3,1,3,1
2401,kibes,6,1,5,1,5,1
2402,erato,6,1,4,1,4,1
2403,rilly,6,1,4,1,5,1
2404,resin,4,1,3,1,3,1
2405,refed,3,1,6,1,6,1
2406,tunal,4,1,3,1,4,1
2407,putty,4,1,4,1,4,1
2408,twist,5,1,3,1,3,1
2409,wasco,5,1,5,1,5,1
2410,prich,4,1,5,1,5,1
2411,cared,5,1,2,1,2,1
2412,coomb,3,1,4,1,4,1
2413,hobos,4,1,4,1,4,1
2414,fudge,6,1,9,0,9,0
2415,chude,6,1,4,1,4,1
2416,nabis,5,1,4,1,4,1
2417,bauno,5,1,4,1,4,1
2418,kylin,3,1,4,1,4,1
2419,lludd,4,1,5,1,5,1
2420,ecrus,4,1,4,1,4,1
2421,marcs,5,1,8,0,8,0
2422,venal,5,1,4,1,4,1
2423,jerry,9,0,8,0,8,0
2424,darcy,6,1,4,1,4,1
2425,thurt,6,1,3,1,3,1
2426,pinup,7,0,5,1,5,1
2427,kraft,4,1,3,1,3,1
2428,scolb,4,1,4,1,4,1
2429,unadd,4,1,4,1,4,1
2430,nigre,2,1,4,1,4,1
2431,iliau,5,1,4,1,4,1
2432,kooks,7,0,6,1,6,1
2433,unzip,5,1,5,1,5,1
2434,telly,6,1,5,1,5,1
2435,dodos,5,1,5,1,5,1
2436,iambe,3,1,4,1,4,1
2437,abrus,5,1,3,1,3,1
2438,kerve,7,0,4,1,4,1
2439,quoad,5,1,5,1,5,1
2440,surra,5,1,4,1,4,1
2441,sulka,4,1,5,1,4,1
2442,flaff,4,1,5,1,5,1
2443,pride,6,1,3,1,3,1
2444,stump,6,1,3,1,4,1
2445,bahur,4,1,4,1,4,1
2446,aramu,6,1,5,1,4,1
2447,ulpan,4,1,5,1,5,1
2448,varia,8,0,4,1,4,1
2449,comdr,6,1,4,1,4,1
2450,panse,7,0,4,1,4,1
2451,aglee,4,1,3,1,3,1
2452,uhlan,4,1,4,1,4,1
2453,coset,5,1,5,1,5,1
2454,names,4,1,3,1,3,1
2455,dioxy,4,1,4,1,5,1
2456,jugal,3,1,5,1,5,1
2457,hooye,3,1,5,1,5,1
2458,lessn,6,1,4,1,4,1
2459,adeem,5,1,4,1,4,1
2460,chout,4,1,4,1,4,1
2461,ceste,4,1,7,0,7,0
2462,jacob,4,1,5,1,5,1
2463,maris,8,0,7,0,7,0
2464,balti,5,1,5,1,4,1
2465,pugil,5,1,3,1,3,1
2466,sands,10,0,6,1,6,1
2467,stude,6,1,4,1,5,1
2468,reuel,5,1,4,1,7,0
2469,traps,6,1,4,1,4,1
2470,soapi,4,1,3,1,4,1
2471,spiel,5,1,3,1,3,1
2472,cable,9,0,6,1,6,1
2473,segni,4,1,3,1,4,1
2474,phies,3,1,4,1,5,1
2475,pleis,5,1,5,1,5,1
2476,sowed,5,1,4,1,4,1
2477,resit,4,1,3,1,3,1
2478,benda,3,1,3,1,3,1
2479,flang,6,1,5,1,5,1
2480,kwapa,4,1,4,1,4,1
2481,lanai,6,1,3,1,3,1
2482,expos,5,1,4,1,4,1
2483,amigo,5,1,4,1,4,1
2484,enols,5,1,4,1,4,1
2485,stied,5,1,4,1,4,1
2486,tisic,4,1,4,1,3,1
2487,emane,6,1,6,1,5,1
2488,uzbak,6,1,5,1,5,1
2489,botch,7,0,7,0,7,0
2490,caval,4,1,5,1,5,1
2491,filer,7,0,6,1,7,0
2492,compd,5,1,4,1,4,1
2493,lysed,5,1,3,1,3,1
2494,heidi,4,1,4,1,4,1
2495,crunt,3,1,3,1,3,1
2496,pinot,5,1,3,1,3,1
2497,flawn,5,1,5,1,5,1
2498,bater,4,1,12,0,12,0
2499,coati,5,1,4,1,4,1
